Station_name,Latitude,Longitude,Year,heat_event_group,Start_date,End_date,Duration,Intensity,Frequency,geometry
ALTURAS MUNI AP,41.4836,-120.5614,2010,63,2010-01-04,2010-01-05,2,1.2600000000000016,11,POINT (-120.5614 41.4836)
ALTURAS MUNI AP,41.4836,-120.5614,2010,64,2010-02-12,2010-02-13,2,1.4700000000000024,11,POINT (-120.5614 41.4836)
ALTURAS MUNI AP,41.4836,-120.5614,2010,65,2010-02-16,2010-02-17,2,0.7000000000000011,11,POINT (-120.5614 41.4836)
ALTURAS MUNI AP,41.4836,-120.5614,2010,66,2010-03-15,2010-03-16,2,2.5900000000000034,11,POINT (-120.5614 41.4836)
ALTURAS MUNI AP,41.4836,-120.5614,2010,67,2010-04-17,2010-04-18,2,3.1500000000000057,11,POINT (-120.5614 41.4836)
ALTURAS MUNI AP,41.4836,-120.5614,2010,68,2010-06-07,2010-06-08,2,1.120000000000001,11,POINT (-120.5614 41.4836)
ALTURAS MUNI AP,41.4836,-120.5614,2010,69,2010-06-13,2010-06-14,2,0.7700000000000031,11,POINT (-120.5614 41.4836)
ALTURAS MUNI AP,41.4836,-120.5614,2010,70,2010-06-23,2010-06-24,2,0.28000000000000114,11,POINT (-120.5614 41.4836)
ALTURAS MUNI AP,41.4836,-120.5614,2010,71,2010-06-26,2010-06-27,2,2.4500000000000064,11,POINT (-120.5614 41.4836)
ALTURAS MUNI AP,41.4836,-120.5614,2010,72,2010-08-24,2010-08-25,2,0.9099999999999966,11,POINT (-120.5614 41.4836)
ALTURAS MUNI AP,41.4836,-120.5614,2010,73,2010-12-04,2010-12-05,2,2.030000000000003,11,POINT (-120.5614 41.4836)
ARCATA EUREKA AP,40.9783,-124.1047,2010,215,2010-02-04,2010-02-05,2,1.190000000000003,6,POINT (-124.1047 40.9783)
ARCATA EUREKA AP,40.9783,-124.1047,2010,216,2010-03-18,2010-03-19,2,2.730000000000004,6,POINT (-124.1047 40.9783)
ARCATA EUREKA AP,40.9783,-124.1047,2010,217,2010-07-03,2010-07-04,2,3.5000000000000036,6,POINT (-124.1047 40.9783)
ARCATA EUREKA AP,40.9783,-124.1047,2010,218,2010-09-01,2010-09-02,2,1.5400000000000027,6,POINT (-124.1047 40.9783)
ARCATA EUREKA AP,40.9783,-124.1047,2010,219,2010-10-08,2010-10-09,2,1.9600000000000044,6,POINT (-124.1047 40.9783)
ARCATA EUREKA AP,40.9783,-124.1047,2010,220,2010-12-04,2010-12-05,2,1.9600000000000026,6,POINT (-124.1047 40.9783)
AUBURN MUNI AP,38.9547,-121.0819,2010,345,2010-02-12,2010-02-13,2,1.0500000000000007,9,POINT (-121.0819 38.9547)
AUBURN MUNI AP,38.9547,-121.0819,2010,346,2010-03-15,2010-03-16,2,2.1000000000000014,9,POINT (-121.0819 38.9547)
AUBURN MUNI AP,38.9547,-121.0819,2010,347,2010-04-17,2010-04-18,2,1.7500000000000036,9,POINT (-121.0819 38.9547)
AUBURN MUNI AP,38.9547,-121.0819,2010,348,2010-06-05,2010-06-06,2,0.3500000000000014,9,POINT (-121.0819 38.9547)
AUBURN MUNI AP,38.9547,-121.0819,2010,349,2010-06-12,2010-06-13,2,1.7500000000000036,9,POINT (-121.0819 38.9547)
AUBURN MUNI AP,38.9547,-121.0819,2010,350,2010-06-26,2010-06-27,2,2.450000000000003,9,POINT (-121.0819 38.9547)
AUBURN MUNI AP,38.9547,-121.0819,2010,351,2010-08-23,2010-08-24,2,4.200000000000003,9,POINT (-121.0819 38.9547)
AUBURN MUNI AP,38.9547,-121.0819,2010,352,2010-09-25,2010-09-28,4,1.4000000000000057,9,POINT (-121.0819 38.9547)
AUBURN MUNI AP,38.9547,-121.0819,2010,353,2010-11-03,2010-11-04,2,1.7500000000000036,9,POINT (-121.0819 38.9547)
BEALE AFB,39.1333,-121.4333,2010,520,2010-01-01,2010-01-02,2,0.5600000000000005,13,POINT (-121.4333 39.1333)
BEALE AFB,39.1333,-121.4333,2010,521,2010-01-12,2010-01-13,2,0.9800000000000022,13,POINT (-121.4333 39.1333)
BEALE AFB,39.1333,-121.4333,2010,522,2010-02-12,2010-02-13,2,0.4200000000000017,13,POINT (-121.4333 39.1333)
BEALE AFB,39.1333,-121.4333,2010,523,2010-03-15,2010-03-19,5,0.6300000000000026,13,POINT (-121.4333 39.1333)
BEALE AFB,39.1333,-121.4333,2010,524,2010-04-17,2010-04-18,2,1.2600000000000016,13,POINT (-121.4333 39.1333)
BEALE AFB,39.1333,-121.4333,2010,525,2010-06-05,2010-06-06,2,1.0500000000000007,13,POINT (-121.4333 39.1333)
BEALE AFB,39.1333,-121.4333,2010,526,2010-06-12,2010-06-13,2,1.75,13,POINT (-121.4333 39.1333)
BEALE AFB,39.1333,-121.4333,2010,527,2010-06-27,2010-06-28,2,0.5600000000000023,13,POINT (-121.4333 39.1333)
BEALE AFB,39.1333,-121.4333,2010,528,2010-07-15,2010-07-16,2,0.07000000000000028,13,POINT (-121.4333 39.1333)
BEALE AFB,39.1333,-121.4333,2010,529,2010-08-23,2010-08-24,2,1.960000000000008,13,POINT (-121.4333 39.1333)
BEALE AFB,39.1333,-121.4333,2010,530,2010-09-25,2010-09-28,4,1.1200000000000045,13,POINT (-121.4333 39.1333)
BEALE AFB,39.1333,-121.4333,2010,531,2010-11-04,2010-11-05,2,0.3500000000000014,13,POINT (-121.4333 39.1333)
BEALE AFB,39.1333,-121.4333,2010,532,2010-12-04,2010-12-06,3,0.7000000000000028,13,POINT (-121.4333 39.1333)
BLUE CANYON NYACK AP,39.2761,-120.7092,2010,690,2010-01-05,2010-01-06,2,0.7700000000000014,10,POINT (-120.7092 39.2761)
BLUE CANYON NYACK AP,39.2761,-120.7092,2010,691,2010-02-13,2010-02-16,4,0.4200000000000017,10,POINT (-120.7092 39.2761)
BLUE CANYON NYACK AP,39.2761,-120.7092,2010,692,2010-03-14,2010-03-16,3,0.7700000000000014,10,POINT (-120.7092 39.2761)
BLUE CANYON NYACK AP,39.2761,-120.7092,2010,693,2010-05-14,2010-05-15,2,0.4200000000000017,10,POINT (-120.7092 39.2761)
BLUE CANYON NYACK AP,39.2761,-120.7092,2010,694,2010-06-05,2010-06-06,2,0.3500000000000014,10,POINT (-120.7092 39.2761)
BLUE CANYON NYACK AP,39.2761,-120.7092,2010,695,2010-06-13,2010-06-14,2,0.4200000000000017,10,POINT (-120.7092 39.2761)
BLUE CANYON NYACK AP,39.2761,-120.7092,2010,696,2010-06-26,2010-06-27,2,1.5400000000000027,10,POINT (-120.7092 39.2761)
BLUE CANYON NYACK AP,39.2761,-120.7092,2010,697,2010-07-15,2010-07-16,2,0.7699999999999996,10,POINT (-120.7092 39.2761)
BLUE CANYON NYACK AP,39.2761,-120.7092,2010,698,2010-08-23,2010-08-25,3,1.120000000000001,10,POINT (-120.7092 39.2761)
BLUE CANYON NYACK AP,39.2761,-120.7092,2010,699,2010-09-24,2010-09-25,2,1.9600000000000044,10,POINT (-120.7092 39.2761)
BODEGA 6 WSW,38.3208,-123.0747,2010,874,2010-04-16,2010-04-17,2,0.4200000000000017,3,POINT (-123.0747 38.3208)
BODEGA 6 WSW,38.3208,-123.0747,2010,875,2010-08-23,2010-08-25,3,0.3500000000000014,3,POINT (-123.0747 38.3208)
BODEGA 6 WSW,38.3208,-123.0747,2010,876,2010-10-12,2010-10-13,2,2.030000000000001,3,POINT (-123.0747 38.3208)
CHICO ARMY FLYING SCHOOL,39.8,-121.85,2010,1033,2010-02-12,2010-02-16,5,0.5600000000000023,11,POINT (-121.85 39.8)
CHICO ARMY FLYING SCHOOL,39.8,-121.85,2010,1034,2010-03-14,2010-03-17,4,0.21000000000000085,11,POINT (-121.85 39.8)
CHICO ARMY FLYING SCHOOL,39.8,-121.85,2010,1035,2010-05-13,2010-05-14,2,0.7000000000000028,11,POINT (-121.85 39.8)
CHICO ARMY FLYING SCHOOL,39.8,-121.85,2010,1036,2010-06-05,2010-06-06,2,0.7000000000000028,11,POINT (-121.85 39.8)
CHICO ARMY FLYING SCHOOL,39.8,-121.85,2010,1037,2010-06-11,2010-06-12,2,1.4000000000000021,11,POINT (-121.85 39.8)
CHICO ARMY FLYING SCHOOL,39.8,-121.85,2010,1038,2010-06-26,2010-06-27,2,0.7000000000000028,11,POINT (-121.85 39.8)
CHICO ARMY FLYING SCHOOL,39.8,-121.85,2010,1039,2010-08-23,2010-08-25,3,1.4000000000000057,11,POINT (-121.85 39.8)
CHICO ARMY FLYING SCHOOL,39.8,-121.85,2010,1040,2010-09-24,2010-09-27,4,1.75,11,POINT (-121.85 39.8)
CHICO ARMY FLYING SCHOOL,39.8,-121.85,2010,1041,2010-11-01,2010-11-04,4,0.5600000000000023,11,POINT (-121.85 39.8)
CHICO ARMY FLYING SCHOOL,39.8,-121.85,2010,1042,2010-12-05,2010-12-07,3,0.6999999999999993,11,POINT (-121.85 39.8)
CHICO ARMY FLYING SCHOOL,39.8,-121.85,2010,1043,2010-12-11,2010-12-12,2,0.7699999999999996,11,POINT (-121.85 39.8)
CHINA LAKE NAF,35.6864,-117.6908,2010,1164,2010-01-05,2010-01-07,3,0.9100000000000001,11,POINT (-117.6908 35.6864)
CHINA LAKE NAF,35.6864,-117.6908,2010,1165,2010-02-12,2010-02-14,3,1.9600000000000044,11,POINT (-117.6908 35.6864)
CHINA LAKE NAF,35.6864,-117.6908,2010,1166,2010-02-17,2010-02-18,2,0.21000000000000085,11,POINT (-117.6908 35.6864)
CHINA LAKE NAF,35.6864,-117.6908,2010,1167,2010-03-15,2010-03-18,4,1.2600000000000016,11,POINT (-117.6908 35.6864)
CHINA LAKE NAF,35.6864,-117.6908,2010,1168,2010-04-16,2010-04-18,3,0.4200000000000017,11,POINT (-117.6908 35.6864)
CHINA LAKE NAF,35.6864,-117.6908,2010,1169,2010-05-30,2010-05-31,2,1.6799999999999997,11,POINT (-117.6908 35.6864)
CHINA LAKE NAF,35.6864,-117.6908,2010,1170,2010-06-03,2010-06-04,2,1.6799999999999997,11,POINT (-117.6908 35.6864)
CHINA LAKE NAF,35.6864,-117.6908,2010,1171,2010-06-23,2010-06-24,2,0.7700000000000031,11,POINT (-117.6908 35.6864)
CHINA LAKE NAF,35.6864,-117.6908,2010,1172,2010-09-26,2010-09-27,2,0.5600000000000023,11,POINT (-117.6908 35.6864)
CHINA LAKE NAF,35.6864,-117.6908,2010,1173,2010-11-02,2010-11-03,2,1.3300000000000018,11,POINT (-117.6908 35.6864)
CHINA LAKE NAF,35.6864,-117.6908,2010,1174,2010-12-11,2010-12-12,2,1.8200000000000038,11,POINT (-117.6908 35.6864)
CONCORD BUCHANAN FLD,37.9917,-122.0528,2010,1321,2010-02-15,2010-02-16,2,0.7700000000000031,6,POINT (-122.0528 37.9917)
CONCORD BUCHANAN FLD,37.9917,-122.0528,2010,1322,2010-03-15,2010-03-18,4,0.8400000000000034,6,POINT (-122.0528 37.9917)
CONCORD BUCHANAN FLD,37.9917,-122.0528,2010,1323,2010-05-29,2010-05-30,2,1.610000000000003,6,POINT (-122.0528 37.9917)
CONCORD BUCHANAN FLD,37.9917,-122.0528,2010,1324,2010-06-12,2010-06-13,2,1.6100000000000065,6,POINT (-122.0528 37.9917)
CONCORD BUCHANAN FLD,37.9917,-122.0528,2010,1325,2010-08-23,2010-08-24,2,1.5399999999999991,6,POINT (-122.0528 37.9917)
CONCORD BUCHANAN FLD,37.9917,-122.0528,2010,1326,2010-09-24,2010-09-28,5,0.7700000000000031,6,POINT (-122.0528 37.9917)
CORONA MUNICIPAL AP,33.8978,-117.6025,2010,1486,2010-02-13,2010-02-14,2,0.7000000000000028,9,POINT (-117.6025 33.8978)
CORONA MUNICIPAL AP,33.8978,-117.6025,2010,1487,2010-03-14,2010-03-16,3,1.4000000000000021,9,POINT (-117.6025 33.8978)
CORONA MUNICIPAL AP,33.8978,-117.6025,2010,1488,2010-04-17,2010-04-18,2,0.7000000000000028,9,POINT (-117.6025 33.8978)
CORONA MUNICIPAL AP,33.8978,-117.6025,2010,1489,2010-07-13,2010-07-14,2,2.1000000000000014,9,POINT (-117.6025 33.8978)
CORONA MUNICIPAL AP,33.8978,-117.6025,2010,1490,2010-08-15,2010-08-17,3,2.1000000000000014,9,POINT (-117.6025 33.8978)
CORONA MUNICIPAL AP,33.8978,-117.6025,2010,1491,2010-08-23,2010-08-25,3,0.7000000000000028,9,POINT (-117.6025 33.8978)
CORONA MUNICIPAL AP,33.8978,-117.6025,2010,1492,2010-09-24,2010-09-25,2,1.4000000000000057,9,POINT (-117.6025 33.8978)
CORONA MUNICIPAL AP,33.8978,-117.6025,2010,1493,2010-11-01,2010-11-03,3,1.4000000000000057,9,POINT (-117.6025 33.8978)
CORONA MUNICIPAL AP,33.8978,-117.6025,2010,1494,2010-12-11,2010-12-12,2,1.4000000000000021,9,POINT (-117.6025 33.8978)
CRESCENT CITY MCNAMARA AP,41.7836,-124.2381,2010,1622,2010-03-18,2010-03-19,2,2.520000000000005,3,POINT (-124.2381 41.7836)
CRESCENT CITY MCNAMARA AP,41.7836,-124.2381,2010,1623,2010-08-22,2010-08-24,3,0.41999999999999815,3,POINT (-124.2381 41.7836)
CRESCENT CITY MCNAMARA AP,41.7836,-124.2381,2010,1624,2010-12-04,2010-12-07,4,0.9800000000000022,3,POINT (-124.2381 41.7836)
EDWARDS AFB N AUX AIRFIELD,34.9883,-117.8647,2010,1728,2010-02-13,2010-02-16,4,0.490000000000002,9,POINT (-117.8647 34.9883)
EDWARDS AFB N AUX AIRFIELD,34.9883,-117.8647,2010,1729,2010-03-15,2010-03-18,4,0.21000000000000085,9,POINT (-117.8647 34.9883)
EDWARDS AFB N AUX AIRFIELD,34.9883,-117.8647,2010,1730,2010-04-17,2010-04-18,2,0.7700000000000031,9,POINT (-117.8647 34.9883)
EDWARDS AFB N AUX AIRFIELD,34.9883,-117.8647,2010,1731,2010-04-25,2010-04-26,2,1.120000000000001,9,POINT (-117.8647 34.9883)
EDWARDS AFB N AUX AIRFIELD,34.9883,-117.8647,2010,1732,2010-06-02,2010-06-05,4,0.7700000000000031,9,POINT (-117.8647 34.9883)
EDWARDS AFB N AUX AIRFIELD,34.9883,-117.8647,2010,1733,2010-06-26,2010-06-27,2,1.6800000000000068,9,POINT (-117.8647 34.9883)
EDWARDS AFB N AUX AIRFIELD,34.9883,-117.8647,2010,1734,2010-11-01,2010-11-03,3,0.9800000000000004,9,POINT (-117.8647 34.9883)
EDWARDS AFB N AUX AIRFIELD,34.9883,-117.8647,2010,1735,2010-12-05,2010-12-07,3,0.6999999999999993,9,POINT (-117.8647 34.9883)
EDWARDS AFB N AUX AIRFIELD,34.9883,-117.8647,2010,1736,2010-12-11,2010-12-12,2,0.7699999999999996,9,POINT (-117.8647 34.9883)
EUREKA WFO WOODLEY IS,40.8097,-124.1603,2010,1919,2010-01-11,2010-01-12,2,0.07000000000000028,11,POINT (-124.1603 40.8097)
EUREKA WFO WOODLEY IS,40.8097,-124.1603,2010,1920,2010-02-12,2010-02-16,5,0.5600000000000023,11,POINT (-124.1603 40.8097)
EUREKA WFO WOODLEY IS,40.8097,-124.1603,2010,1921,2010-03-14,2010-03-17,4,0.21000000000000085,11,POINT (-124.1603 40.8097)
EUREKA WFO WOODLEY IS,40.8097,-124.1603,2010,1922,2010-05-29,2010-05-30,2,0.8399999999999999,11,POINT (-124.1603 40.8097)
EUREKA WFO WOODLEY IS,40.8097,-124.1603,2010,1923,2010-07-14,2010-07-15,2,0.8400000000000034,11,POINT (-124.1603 40.8097)
EUREKA WFO WOODLEY IS,40.8097,-124.1603,2010,1924,2010-08-16,2010-08-17,2,0.28000000000000114,11,POINT (-124.1603 40.8097)
EUREKA WFO WOODLEY IS,40.8097,-124.1603,2010,1925,2010-08-23,2010-08-24,2,1.8900000000000006,11,POINT (-124.1603 40.8097)
EUREKA WFO WOODLEY IS,40.8097,-124.1603,2010,1926,2010-09-24,2010-09-27,4,1.75,11,POINT (-124.1603 40.8097)
EUREKA WFO WOODLEY IS,40.8097,-124.1603,2010,1927,2010-11-01,2010-11-04,4,0.5600000000000023,11,POINT (-124.1603 40.8097)
EUREKA WFO WOODLEY IS,40.8097,-124.1603,2010,1928,2010-12-05,2010-12-07,3,0.6999999999999993,11,POINT (-124.1603 40.8097)
EUREKA WFO WOODLEY IS,40.8097,-124.1603,2010,1929,2010-12-11,2010-12-12,2,0.7699999999999996,11,POINT (-124.1603 40.8097)
FALLBROOK 5 NE,33.4392,-117.1903,2010,2137,2010-02-12,2010-02-16,5,0.21000000000000085,10,POINT (-117.1903 33.4392)
FALLBROOK 5 NE,33.4392,-117.1903,2010,2138,2010-03-14,2010-03-17,4,0.8400000000000034,10,POINT (-117.1903 33.4392)
FALLBROOK 5 NE,33.4392,-117.1903,2010,2139,2010-06-05,2010-06-06,2,0.07000000000000028,10,POINT (-117.1903 33.4392)
FALLBROOK 5 NE,33.4392,-117.1903,2010,2140,2010-06-30,2010-07-01,2,0.980000000000004,10,POINT (-117.1903 33.4392)
FALLBROOK 5 NE,33.4392,-117.1903,2010,2141,2010-07-13,2010-07-16,4,1.2600000000000051,10,POINT (-117.1903 33.4392)
FALLBROOK 5 NE,33.4392,-117.1903,2010,2142,2010-08-17,2010-08-18,2,0.5600000000000023,10,POINT (-117.1903 33.4392)
FALLBROOK 5 NE,33.4392,-117.1903,2010,2143,2010-08-23,2010-08-25,3,0.14000000000000057,10,POINT (-117.1903 33.4392)
FALLBROOK 5 NE,33.4392,-117.1903,2010,2144,2010-09-24,2010-09-26,3,0.5600000000000023,10,POINT (-117.1903 33.4392)
FALLBROOK 5 NE,33.4392,-117.1903,2010,2145,2010-11-01,2010-11-03,3,1.5400000000000063,10,POINT (-117.1903 33.4392)
FALLBROOK 5 NE,33.4392,-117.1903,2010,2146,2010-12-11,2010-12-12,2,1.8900000000000041,10,POINT (-117.1903 33.4392)
FRESNO YOSEMITE INTL,36.78,-119.7203,2010,2322,2010-02-16,2010-02-17,2,1.9600000000000044,7,POINT (-119.7203 36.78)
FRESNO YOSEMITE INTL,36.78,-119.7203,2010,2323,2010-03-15,2010-03-16,2,1.7500000000000036,7,POINT (-119.7203 36.78)
FRESNO YOSEMITE INTL,36.78,-119.7203,2010,2324,2010-04-18,2010-04-19,2,0.41999999999999815,7,POINT (-119.7203 36.78)
FRESNO YOSEMITE INTL,36.78,-119.7203,2010,2325,2010-06-04,2010-06-05,2,1.1900000000000048,7,POINT (-119.7203 36.78)
FRESNO YOSEMITE INTL,36.78,-119.7203,2010,2326,2010-06-13,2010-06-14,2,1.1200000000000045,7,POINT (-119.7203 36.78)
FRESNO YOSEMITE INTL,36.78,-119.7203,2010,2327,2010-09-25,2010-09-28,4,0.3500000000000014,7,POINT (-119.7203 36.78)
FRESNO YOSEMITE INTL,36.78,-119.7203,2010,2328,2010-11-04,2010-11-05,2,1.9600000000000044,7,POINT (-119.7203 36.78)
GILLESPIE FLD AP,32.8261,-116.9725,2010,2470,2010-03-15,2010-03-17,3,1.4000000000000021,8,POINT (-116.9725 32.8261)
GILLESPIE FLD AP,32.8261,-116.9725,2010,2471,2010-06-30,2010-07-01,2,1.4000000000000021,8,POINT (-116.9725 32.8261)
GILLESPIE FLD AP,32.8261,-116.9725,2010,2472,2010-07-14,2010-07-16,3,1.4000000000000057,8,POINT (-116.9725 32.8261)
GILLESPIE FLD AP,32.8261,-116.9725,2010,2473,2010-08-01,2010-08-02,2,0.7000000000000028,8,POINT (-116.9725 32.8261)
GILLESPIE FLD AP,32.8261,-116.9725,2010,2474,2010-08-17,2010-08-18,2,0.7000000000000028,8,POINT (-116.9725 32.8261)
GILLESPIE FLD AP,32.8261,-116.9725,2010,2475,2010-09-24,2010-09-26,3,1.4000000000000057,8,POINT (-116.9725 32.8261)
GILLESPIE FLD AP,32.8261,-116.9725,2010,2476,2010-11-02,2010-11-03,2,2.8000000000000043,8,POINT (-116.9725 32.8261)
GILLESPIE FLD AP,32.8261,-116.9725,2010,2477,2010-12-11,2010-12-12,2,3.500000000000007,8,POINT (-116.9725 32.8261)
HANFORD MUNI AP,36.3114,-119.6231,2010,2625,2010-02-15,2010-02-17,3,0.7700000000000031,10,POINT (-119.6231 36.3114)
HANFORD MUNI AP,36.3114,-119.6231,2010,2626,2010-03-15,2010-03-16,2,3.850000000000005,10,POINT (-119.6231 36.3114)
HANFORD MUNI AP,36.3114,-119.6231,2010,2627,2010-04-18,2010-04-19,2,0.7700000000000031,10,POINT (-119.6231 36.3114)
HANFORD MUNI AP,36.3114,-119.6231,2010,2628,2010-05-14,2010-05-15,2,0.7700000000000031,10,POINT (-119.6231 36.3114)
HANFORD MUNI AP,36.3114,-119.6231,2010,2629,2010-06-03,2010-06-05,3,1.1900000000000048,10,POINT (-119.6231 36.3114)
HANFORD MUNI AP,36.3114,-119.6231,2010,2630,2010-06-13,2010-06-14,2,0.7700000000000031,10,POINT (-119.6231 36.3114)
HANFORD MUNI AP,36.3114,-119.6231,2010,2631,2010-06-27,2010-06-28,2,0.7700000000000031,10,POINT (-119.6231 36.3114)
HANFORD MUNI AP,36.3114,-119.6231,2010,2632,2010-07-15,2010-07-16,2,0.4200000000000017,10,POINT (-119.6231 36.3114)
HANFORD MUNI AP,36.3114,-119.6231,2010,2633,2010-08-24,2010-08-25,2,0.4200000000000017,10,POINT (-119.6231 36.3114)
HANFORD MUNI AP,36.3114,-119.6231,2010,2634,2010-12-04,2010-12-06,3,0.7700000000000031,10,POINT (-119.6231 36.3114)
HAYWARD AIR TERMINAL,37.6589,-122.1211,2010,2767,2010-03-15,2010-03-19,5,1.5400000000000027,6,POINT (-122.1211 37.6589)
HAYWARD AIR TERMINAL,37.6589,-122.1211,2010,2768,2010-05-29,2010-05-30,2,0.3500000000000014,6,POINT (-122.1211 37.6589)
HAYWARD AIR TERMINAL,37.6589,-122.1211,2010,2769,2010-08-23,2010-08-24,2,3.8500000000000085,6,POINT (-122.1211 37.6589)
HAYWARD AIR TERMINAL,37.6589,-122.1211,2010,2770,2010-09-24,2010-09-25,2,0.7700000000000031,6,POINT (-122.1211 37.6589)
HAYWARD AIR TERMINAL,37.6589,-122.1211,2010,2771,2010-09-27,2010-09-28,2,2.730000000000011,6,POINT (-122.1211 37.6589)
HAYWARD AIR TERMINAL,37.6589,-122.1211,2010,2772,2010-12-04,2010-12-05,2,0.4200000000000017,6,POINT (-122.1211 37.6589)
IMPERIAL BEACH REAM FLD NAS,32.5681,-117.1172,2010,2917,2010-02-13,2010-02-15,3,1.4700000000000024,7,POINT (-117.1172 32.5681)
IMPERIAL BEACH REAM FLD NAS,32.5681,-117.1172,2010,2918,2010-03-14,2010-03-16,3,3.7100000000000044,7,POINT (-117.1172 32.5681)
IMPERIAL BEACH REAM FLD NAS,32.5681,-117.1172,2010,2919,2010-07-12,2010-07-16,5,0.5599999999999987,7,POINT (-117.1172 32.5681)
IMPERIAL BEACH REAM FLD NAS,32.5681,-117.1172,2010,2920,2010-08-17,2010-08-18,2,1.120000000000001,7,POINT (-117.1172 32.5681)
IMPERIAL BEACH REAM FLD NAS,32.5681,-117.1172,2010,2921,2010-09-25,2010-09-27,3,4.830000000000009,7,POINT (-117.1172 32.5681)
IMPERIAL BEACH REAM FLD NAS,32.5681,-117.1172,2010,2922,2010-11-02,2010-11-04,3,2.1700000000000017,7,POINT (-117.1172 32.5681)
IMPERIAL BEACH REAM FLD NAS,32.5681,-117.1172,2010,2923,2010-11-27,2010-11-28,2,7.910000000000011,7,POINT (-117.1172 32.5681)
INYOKERN KERN CO,35.6667,-117.8333,2010,3059,2010-02-12,2010-02-17,6,0.28000000000000114,6,POINT (-117.8333 35.6667)
INYOKERN KERN CO,35.6667,-117.8333,2010,3060,2010-03-15,2010-03-17,3,0.7000000000000028,6,POINT (-117.8333 35.6667)
INYOKERN KERN CO,35.6667,-117.8333,2010,3061,2010-06-03,2010-06-04,2,2.8000000000000043,6,POINT (-117.8333 35.6667)
INYOKERN KERN CO,35.6667,-117.8333,2010,3062,2010-09-26,2010-09-27,2,0.7000000000000028,6,POINT (-117.8333 35.6667)
INYOKERN KERN CO,35.6667,-117.8333,2010,3063,2010-12-05,2010-12-07,3,0.6999999999999993,6,POINT (-117.8333 35.6667)
INYOKERN KERN CO,35.6667,-117.8333,2010,3064,2010-12-11,2010-12-12,2,0.7699999999999996,6,POINT (-117.8333 35.6667)
LIVERMORE MUNI AP,37.6931,-121.815,2010,3243,2010-02-11,2010-02-12,2,0.3500000000000014,8,POINT (-121.815 37.6931)
LIVERMORE MUNI AP,37.6931,-121.815,2010,3244,2010-03-15,2010-03-19,5,0.28000000000000114,8,POINT (-121.815 37.6931)
LIVERMORE MUNI AP,37.6931,-121.815,2010,3245,2010-04-17,2010-04-18,2,1.8900000000000006,8,POINT (-121.815 37.6931)
LIVERMORE MUNI AP,37.6931,-121.815,2010,3246,2010-05-29,2010-05-30,2,1.8900000000000006,8,POINT (-121.815 37.6931)
LIVERMORE MUNI AP,37.6931,-121.815,2010,3247,2010-06-12,2010-06-13,2,1.9600000000000009,8,POINT (-121.815 37.6931)
LIVERMORE MUNI AP,37.6931,-121.815,2010,3248,2010-08-23,2010-08-24,2,2.3100000000000023,8,POINT (-121.815 37.6931)
LIVERMORE MUNI AP,37.6931,-121.815,2010,3249,2010-09-25,2010-09-28,4,0.7700000000000031,8,POINT (-121.815 37.6931)
LIVERMORE MUNI AP,37.6931,-121.815,2010,3250,2010-12-04,2010-12-05,2,1.5400000000000027,8,POINT (-121.815 37.6931)
LOMPOC AP,34.6667,-120.4667,2010,3392,2010-02-14,2010-02-15,2,2.1000000000000014,5,POINT (-120.4667 34.6667)
LOMPOC AP,34.6667,-120.4667,2010,3393,2010-05-29,2010-05-30,2,0.8399999999999999,5,POINT (-120.4667 34.6667)
LOMPOC AP,34.6667,-120.4667,2010,3394,2010-09-24,2010-09-25,2,3.500000000000007,5,POINT (-120.4667 34.6667)
LOMPOC AP,34.6667,-120.4667,2010,3395,2010-10-27,2010-10-28,2,0.9100000000000001,5,POINT (-120.4667 34.6667)
LOMPOC AP,34.6667,-120.4667,2010,3396,2010-12-11,2010-12-12,2,1.4000000000000021,5,POINT (-120.4667 34.6667)
LOS ALAMITOS AAF,33.79,-118.0519,2010,3533,2010-02-12,2010-02-16,5,0.5600000000000023,7,POINT (-118.0519 33.79)
LOS ALAMITOS AAF,33.79,-118.0519,2010,3534,2010-03-14,2010-03-16,3,1.1900000000000013,7,POINT (-118.0519 33.79)
LOS ALAMITOS AAF,33.79,-118.0519,2010,3535,2010-07-13,2010-07-14,2,1.610000000000003,7,POINT (-118.0519 33.79)
LOS ALAMITOS AAF,33.79,-118.0519,2010,3536,2010-08-17,2010-08-18,2,4.620000000000008,7,POINT (-118.0519 33.79)
LOS ALAMITOS AAF,33.79,-118.0519,2010,3537,2010-09-26,2010-09-27,2,0.4200000000000017,7,POINT (-118.0519 33.79)
LOS ALAMITOS AAF,33.79,-118.0519,2010,3538,2010-10-27,2010-10-28,2,0.07000000000000028,7,POINT (-118.0519 33.79)
LOS ALAMITOS AAF,33.79,-118.0519,2010,3539,2010-11-01,2010-11-03,3,2.940000000000005,7,POINT (-118.0519 33.79)
LOS ANGELES DOWNTOWN/USC,34.0236,-118.2911,2010,3713,2010-01-01,2010-01-03,3,0.3500000000000014,10,POINT (-118.2911 34.0236)
LOS ANGELES DOWNTOWN/USC,34.0236,-118.2911,2010,3714,2010-02-13,2010-02-14,2,2.730000000000004,10,POINT (-118.2911 34.0236)
LOS ANGELES DOWNTOWN/USC,34.0236,-118.2911,2010,3715,2010-03-15,2010-03-16,2,2.380000000000006,10,POINT (-118.2911 34.0236)
LOS ANGELES DOWNTOWN/USC,34.0236,-118.2911,2010,3716,2010-05-29,2010-05-30,2,0.4200000000000017,10,POINT (-118.2911 34.0236)
LOS ANGELES DOWNTOWN/USC,34.0236,-118.2911,2010,3717,2010-07-13,2010-07-14,2,2.730000000000004,10,POINT (-118.2911 34.0236)
LOS ANGELES DOWNTOWN/USC,34.0236,-118.2911,2010,3718,2010-08-17,2010-08-18,2,1.1200000000000045,10,POINT (-118.2911 34.0236)
LOS ANGELES DOWNTOWN/USC,34.0236,-118.2911,2010,3719,2010-09-24,2010-09-26,3,1.5399999999999991,10,POINT (-118.2911 34.0236)
LOS ANGELES DOWNTOWN/USC,34.0236,-118.2911,2010,3720,2010-10-27,2010-10-28,2,0.7700000000000031,10,POINT (-118.2911 34.0236)
LOS ANGELES DOWNTOWN/USC,34.0236,-118.2911,2010,3721,2010-11-02,2010-11-03,2,2.730000000000004,10,POINT (-118.2911 34.0236)
LOS ANGELES DOWNTOWN/USC,34.0236,-118.2911,2010,3722,2010-12-11,2010-12-12,2,2.6600000000000037,10,POINT (-118.2911 34.0236)
LOS ANGELES WHITEMAN AP,34.2592,-118.4133,2010,3879,2010-02-12,2010-02-14,3,1.4000000000000021,6,POINT (-118.4133 34.2592)
LOS ANGELES WHITEMAN AP,34.2592,-118.4133,2010,3880,2010-03-15,2010-03-17,3,0.7000000000000028,6,POINT (-118.4133 34.2592)
LOS ANGELES WHITEMAN AP,34.2592,-118.4133,2010,3881,2010-07-13,2010-07-14,2,1.4000000000000057,6,POINT (-118.4133 34.2592)
LOS ANGELES WHITEMAN AP,34.2592,-118.4133,2010,3882,2010-09-24,2010-09-25,2,0.7000000000000028,6,POINT (-118.4133 34.2592)
LOS ANGELES WHITEMAN AP,34.2592,-118.4133,2010,3883,2010-11-01,2010-11-03,3,2.8000000000000043,6,POINT (-118.4133 34.2592)
LOS ANGELES WHITEMAN AP,34.2592,-118.4133,2010,3884,2010-12-11,2010-12-12,2,2.1000000000000014,6,POINT (-118.4133 34.2592)
MADERA MUNI AP,36.985,-120.1106,2010,4023,2010-01-28,2010-01-29,2,1.9600000000000026,8,POINT (-120.1106 36.985)
MADERA MUNI AP,36.985,-120.1106,2010,4024,2010-02-16,2010-02-17,2,1.2600000000000016,8,POINT (-120.1106 36.985)
MADERA MUNI AP,36.985,-120.1106,2010,4025,2010-03-15,2010-03-16,2,1.8900000000000006,8,POINT (-120.1106 36.985)
MADERA MUNI AP,36.985,-120.1106,2010,4026,2010-04-17,2010-04-19,3,0.7700000000000031,8,POINT (-120.1106 36.985)
MADERA MUNI AP,36.985,-120.1106,2010,4027,2010-06-04,2010-06-06,3,0.4200000000000017,8,POINT (-120.1106 36.985)
MADERA MUNI AP,36.985,-120.1106,2010,4028,2010-06-13,2010-06-14,2,0.7700000000000031,8,POINT (-120.1106 36.985)
MADERA MUNI AP,36.985,-120.1106,2010,4029,2010-08-24,2010-08-25,2,0.4200000000000017,8,POINT (-120.1106 36.985)
MADERA MUNI AP,36.985,-120.1106,2010,4030,2010-09-25,2010-09-28,4,0.4199999999999946,8,POINT (-120.1106 36.985)
MARYSVILLE AP (ASOS),39.1019,-121.5689,2010,4173,2010-01-29,2010-01-31,3,0.41999999999999993,10,POINT (-121.5689 39.1019)
MARYSVILLE AP (ASOS),39.1019,-121.5689,2010,4174,2010-02-12,2010-02-13,2,0.3500000000000014,10,POINT (-121.5689 39.1019)
MARYSVILLE AP (ASOS),39.1019,-121.5689,2010,4175,2010-03-06,2010-03-07,2,0.3500000000000014,10,POINT (-121.5689 39.1019)
MARYSVILLE AP (ASOS),39.1019,-121.5689,2010,4176,2010-03-15,2010-03-17,3,1.5400000000000027,10,POINT (-121.5689 39.1019)
MARYSVILLE AP (ASOS),39.1019,-121.5689,2010,4177,2010-06-05,2010-06-06,2,0.7700000000000031,10,POINT (-121.5689 39.1019)
MARYSVILLE AP (ASOS),39.1019,-121.5689,2010,4178,2010-06-12,2010-06-13,2,2.3800000000000097,10,POINT (-121.5689 39.1019)
MARYSVILLE AP (ASOS),39.1019,-121.5689,2010,4179,2010-06-27,2010-06-28,2,0.4200000000000017,10,POINT (-121.5689 39.1019)
MARYSVILLE AP (ASOS),39.1019,-121.5689,2010,4180,2010-08-23,2010-08-24,2,1.1899999999999977,10,POINT (-121.5689 39.1019)
MARYSVILLE AP (ASOS),39.1019,-121.5689,2010,4181,2010-09-25,2010-09-26,2,1.6100000000000065,10,POINT (-121.5689 39.1019)
MARYSVILLE AP (ASOS),39.1019,-121.5689,2010,4182,2010-12-10,2010-12-11,2,0.4200000000000017,10,POINT (-121.5689 39.1019)
MERCED 23 WSW,37.2381,-120.8825,2010,4338,2010-01-12,2010-01-13,2,0.8399999999999999,11,POINT (-120.8825 37.2381)
MERCED 23 WSW,37.2381,-120.8825,2010,4339,2010-02-16,2010-02-17,2,0.3500000000000014,11,POINT (-120.8825 37.2381)
MERCED 23 WSW,37.2381,-120.8825,2010,4340,2010-03-15,2010-03-16,2,2.380000000000006,11,POINT (-120.8825 37.2381)
MERCED 23 WSW,37.2381,-120.8825,2010,4341,2010-04-17,2010-04-18,2,1.2600000000000016,11,POINT (-120.8825 37.2381)
MERCED 23 WSW,37.2381,-120.8825,2010,4342,2010-04-25,2010-04-26,2,0.41999999999999815,11,POINT (-120.8825 37.2381)
MERCED 23 WSW,37.2381,-120.8825,2010,4343,2010-06-04,2010-06-06,3,0.4899999999999949,11,POINT (-120.8825 37.2381)
MERCED 23 WSW,37.2381,-120.8825,2010,4344,2010-06-13,2010-06-14,2,0.5600000000000023,11,POINT (-120.8825 37.2381)
MERCED 23 WSW,37.2381,-120.8825,2010,4345,2010-06-27,2010-06-28,2,0.980000000000004,11,POINT (-120.8825 37.2381)
MERCED 23 WSW,37.2381,-120.8825,2010,4346,2010-07-15,2010-07-16,2,0.8399999999999963,11,POINT (-120.8825 37.2381)
MERCED 23 WSW,37.2381,-120.8825,2010,4347,2010-08-24,2010-08-25,2,0.980000000000004,11,POINT (-120.8825 37.2381)
MERCED 23 WSW,37.2381,-120.8825,2010,4348,2010-09-25,2010-09-29,5,0.3500000000000014,11,POINT (-120.8825 37.2381)
MERCED MUNI AP,37.2858,-120.5178,2010,4543,2010-01-12,2010-01-13,2,0.41999999999999815,12,POINT (-120.5178 37.2858)
MERCED MUNI AP,37.2858,-120.5178,2010,4544,2010-02-12,2010-02-13,2,0.3500000000000014,12,POINT (-120.5178 37.2858)
MERCED MUNI AP,37.2858,-120.5178,2010,4545,2010-02-16,2010-02-17,2,0.3500000000000014,12,POINT (-120.5178 37.2858)
MERCED MUNI AP,37.2858,-120.5178,2010,4546,2010-03-15,2010-03-16,2,3.500000000000007,12,POINT (-120.5178 37.2858)
MERCED MUNI AP,37.2858,-120.5178,2010,4547,2010-04-17,2010-04-18,2,0.7699999999999996,12,POINT (-120.5178 37.2858)
MERCED MUNI AP,37.2858,-120.5178,2010,4548,2010-04-25,2010-04-26,2,1.120000000000001,12,POINT (-120.5178 37.2858)
MERCED MUNI AP,37.2858,-120.5178,2010,4549,2010-06-04,2010-06-06,3,0.3500000000000014,12,POINT (-120.5178 37.2858)
MERCED MUNI AP,37.2858,-120.5178,2010,4550,2010-06-13,2010-06-14,2,0.3500000000000014,12,POINT (-120.5178 37.2858)
MERCED MUNI AP,37.2858,-120.5178,2010,4551,2010-06-27,2010-06-28,2,1.1899999999999977,12,POINT (-120.5178 37.2858)
MERCED MUNI AP,37.2858,-120.5178,2010,4552,2010-08-24,2010-08-25,2,0.7700000000000031,12,POINT (-120.5178 37.2858)
MERCED MUNI AP,37.2858,-120.5178,2010,4553,2010-09-27,2010-09-28,2,0.769999999999996,12,POINT (-120.5178 37.2858)
MERCED MUNI AP,37.2858,-120.5178,2010,4554,2010-11-04,2010-11-05,2,3.500000000000007,12,POINT (-120.5178 37.2858)
MODESTO AP,37.6256,-120.955,2010,4712,2010-01-12,2010-01-13,2,0.3500000000000014,10,POINT (-120.955 37.6256)
MODESTO AP,37.6256,-120.955,2010,4713,2010-02-15,2010-02-17,3,0.4200000000000017,10,POINT (-120.955 37.6256)
MODESTO AP,37.6256,-120.955,2010,4714,2010-03-15,2010-03-16,2,2.730000000000004,10,POINT (-120.955 37.6256)
MODESTO AP,37.6256,-120.955,2010,4715,2010-04-16,2010-04-18,3,1.610000000000003,10,POINT (-120.955 37.6256)
MODESTO AP,37.6256,-120.955,2010,4716,2010-06-05,2010-06-06,2,0.4200000000000017,10,POINT (-120.955 37.6256)
MODESTO AP,37.6256,-120.955,2010,4717,2010-06-27,2010-06-28,2,0.4200000000000017,10,POINT (-120.955 37.6256)
MODESTO AP,37.6256,-120.955,2010,4718,2010-07-15,2010-07-16,2,0.4200000000000017,10,POINT (-120.955 37.6256)
MODESTO AP,37.6256,-120.955,2010,4719,2010-08-24,2010-08-25,2,0.4200000000000017,10,POINT (-120.955 37.6256)
MODESTO AP,37.6256,-120.955,2010,4720,2010-09-25,2010-09-28,4,1.1200000000000045,10,POINT (-120.955 37.6256)
MODESTO AP,37.6256,-120.955,2010,4721,2010-12-04,2010-12-06,3,1.5400000000000027,10,POINT (-120.955 37.6256)
MOFFETT FED AIRFIELD,37.4058,-122.0481,2010,4900,2010-03-14,2010-03-15,2,2.240000000000002,8,POINT (-122.0481 37.4058)
MOFFETT FED AIRFIELD,37.4058,-122.0481,2010,4901,2010-03-17,2010-03-19,3,2.1000000000000014,8,POINT (-122.0481 37.4058)
MOFFETT FED AIRFIELD,37.4058,-122.0481,2010,4902,2010-06-11,2010-06-12,2,2.8000000000000043,8,POINT (-122.0481 37.4058)
MOFFETT FED AIRFIELD,37.4058,-122.0481,2010,4903,2010-08-23,2010-08-24,2,2.3800000000000026,8,POINT (-122.0481 37.4058)
MOFFETT FED AIRFIELD,37.4058,-122.0481,2010,4904,2010-09-24,2010-09-25,2,1.8200000000000038,8,POINT (-122.0481 37.4058)
MOFFETT FED AIRFIELD,37.4058,-122.0481,2010,4905,2010-09-27,2010-09-28,2,1.0500000000000043,8,POINT (-122.0481 37.4058)
MOFFETT FED AIRFIELD,37.4058,-122.0481,2010,4906,2010-11-03,2010-11-04,2,0.490000000000002,8,POINT (-122.0481 37.4058)
MOFFETT FED AIRFIELD,37.4058,-122.0481,2010,4907,2010-12-04,2010-12-06,3,0.14000000000000057,8,POINT (-122.0481 37.4058)
MONTAGUE SISKIYOU AP,41.7736,-122.4683,2010,5060,2010-03-15,2010-03-16,2,0.7700000000000031,8,POINT (-122.4683 41.7736)
MONTAGUE SISKIYOU AP,41.7736,-122.4683,2010,5061,2010-04-17,2010-04-18,2,2.310000000000006,8,POINT (-122.4683 41.7736)
MONTAGUE SISKIYOU AP,41.7736,-122.4683,2010,5062,2010-05-13,2010-05-15,3,0.7700000000000031,8,POINT (-122.4683 41.7736)
MONTAGUE SISKIYOU AP,41.7736,-122.4683,2010,5063,2010-06-12,2010-06-13,2,1.120000000000001,8,POINT (-122.4683 41.7736)
MONTAGUE SISKIYOU AP,41.7736,-122.4683,2010,5064,2010-06-26,2010-06-27,2,1.1899999999999977,8,POINT (-122.4683 41.7736)
MONTAGUE SISKIYOU AP,41.7736,-122.4683,2010,5065,2010-07-15,2010-07-16,2,0.3500000000000014,8,POINT (-122.4683 41.7736)
MONTAGUE SISKIYOU AP,41.7736,-122.4683,2010,5066,2010-09-27,2010-09-28,2,0.769999999999996,8,POINT (-122.4683 41.7736)
MONTAGUE SISKIYOU AP,41.7736,-122.4683,2010,5067,2010-12-04,2010-12-07,4,1.5400000000000027,8,POINT (-122.4683 41.7736)
MONTEREY PENINSUL AP,36.5903,-121.8489,2010,5220,2010-05-18,2010-05-19,2,0.28000000000000114,2,POINT (-121.8489 36.5903)
MONTEREY PENINSUL AP,36.5903,-121.8489,2010,5221,2010-08-22,2010-08-24,3,3.500000000000007,2,POINT (-121.8489 36.5903)
MT SHASTA,41.315,-122.3172,2010,5353,2010-01-04,2010-01-05,2,0.5600000000000005,8,POINT (-122.3172 41.315)
MT SHASTA,41.315,-122.3172,2010,5354,2010-02-13,2010-02-14,2,0.28000000000000114,8,POINT (-122.3172 41.315)
MT SHASTA,41.315,-122.3172,2010,5355,2010-02-16,2010-02-17,2,1.6800000000000033,8,POINT (-122.3172 41.315)
MT SHASTA,41.315,-122.3172,2010,5356,2010-05-13,2010-05-15,3,0.14000000000000057,8,POINT (-122.3172 41.315)
MT SHASTA,41.315,-122.3172,2010,5357,2010-06-12,2010-06-13,2,2.240000000000002,8,POINT (-122.3172 41.315)
MT SHASTA,41.315,-122.3172,2010,5358,2010-06-26,2010-06-27,2,1.2600000000000016,8,POINT (-122.3172 41.315)
MT SHASTA,41.315,-122.3172,2010,5359,2010-09-25,2010-09-27,3,2.240000000000002,8,POINT (-122.3172 41.315)
MT SHASTA,41.315,-122.3172,2010,5360,2010-12-04,2010-12-07,4,0.9100000000000001,8,POINT (-122.3172 41.315)
MT WILSON,34.2333,-118.0667,2010,5529,2010-02-12,2010-02-13,2,3.1500000000000057,8,POINT (-118.0667 34.2333)
MT WILSON,34.2333,-118.0667,2010,5530,2010-03-14,2010-03-16,3,1.120000000000001,8,POINT (-118.0667 34.2333)
MT WILSON,34.2333,-118.0667,2010,5531,2010-06-03,2010-06-04,2,1.4000000000000021,8,POINT (-118.0667 34.2333)
MT WILSON,34.2333,-118.0667,2010,5532,2010-06-27,2010-06-28,2,0.7000000000000028,8,POINT (-118.0667 34.2333)
MT WILSON,34.2333,-118.0667,2010,5533,2010-08-15,2010-08-16,2,1.4000000000000021,8,POINT (-118.0667 34.2333)
MT WILSON,34.2333,-118.0667,2010,5534,2010-09-24,2010-09-27,4,0.7000000000000028,8,POINT (-118.0667 34.2333)
MT WILSON,34.2333,-118.0667,2010,5535,2010-11-01,2010-11-03,3,0.7000000000000028,8,POINT (-118.0667 34.2333)
MT WILSON,34.2333,-118.0667,2010,5536,2010-12-11,2010-12-12,2,0.7000000000000028,8,POINT (-118.0667 34.2333)
N IS NAS,32.6922,-117.2097,2010,5705,2010-02-13,2010-02-15,3,1.120000000000001,7,POINT (-117.2097 32.6922)
N IS NAS,32.6922,-117.2097,2010,5706,2010-03-15,2010-03-17,3,0.7699999999999996,7,POINT (-117.2097 32.6922)
N IS NAS,32.6922,-117.2097,2010,5707,2010-07-13,2010-07-16,4,1.120000000000001,7,POINT (-117.2097 32.6922)
N IS NAS,32.6922,-117.2097,2010,5708,2010-08-17,2010-08-18,2,1.5400000000000027,7,POINT (-117.2097 32.6922)
N IS NAS,32.6922,-117.2097,2010,5709,2010-09-24,2010-09-27,4,3.500000000000007,7,POINT (-117.2097 32.6922)
N IS NAS,32.6922,-117.2097,2010,5710,2010-10-27,2010-10-28,2,0.4200000000000017,7,POINT (-117.2097 32.6922)
N IS NAS,32.6922,-117.2097,2010,5711,2010-11-02,2010-11-04,3,2.730000000000011,7,POINT (-117.2097 32.6922)
NAPA CO AP,38.2075,-122.2803,2010,5880,2010-02-13,2010-02-15,3,0.7700000000000031,8,POINT (-122.2803 38.2075)
NAPA CO AP,38.2075,-122.2803,2010,5881,2010-03-06,2010-03-07,2,0.3500000000000014,8,POINT (-122.2803 38.2075)
NAPA CO AP,38.2075,-122.2803,2010,5882,2010-03-15,2010-03-18,4,2.730000000000004,8,POINT (-122.2803 38.2075)
NAPA CO AP,38.2075,-122.2803,2010,5883,2010-06-11,2010-06-12,2,1.9600000000000009,8,POINT (-122.2803 38.2075)
NAPA CO AP,38.2075,-122.2803,2010,5884,2010-08-22,2010-08-24,3,2.730000000000004,8,POINT (-122.2803 38.2075)
NAPA CO AP,38.2075,-122.2803,2010,5885,2010-09-27,2010-09-28,2,1.1200000000000045,8,POINT (-122.2803 38.2075)
NAPA CO AP,38.2075,-122.2803,2010,5886,2010-11-02,2010-11-04,3,0.7700000000000031,8,POINT (-122.2803 38.2075)
NAPA CO AP,38.2075,-122.2803,2010,5887,2010-11-14,2010-11-15,2,0.3500000000000014,8,POINT (-122.2803 38.2075)
OAKLAND INTL AP,37.7178,-122.2331,2010,6019,2010-03-06,2010-03-07,2,0.9100000000000001,7,POINT (-122.2331 37.7178)
OAKLAND INTL AP,37.7178,-122.2331,2010,6020,2010-03-15,2010-03-17,3,0.7700000000000031,7,POINT (-122.2331 37.7178)
OAKLAND INTL AP,37.7178,-122.2331,2010,6021,2010-05-29,2010-05-30,2,0.3500000000000014,7,POINT (-122.2331 37.7178)
OAKLAND INTL AP,37.7178,-122.2331,2010,6022,2010-08-22,2010-08-24,3,1.1900000000000048,7,POINT (-122.2331 37.7178)
OAKLAND INTL AP,37.7178,-122.2331,2010,6023,2010-09-24,2010-09-25,2,2.730000000000004,7,POINT (-122.2331 37.7178)
OAKLAND INTL AP,37.7178,-122.2331,2010,6024,2010-09-27,2010-09-28,2,0.4200000000000017,7,POINT (-122.2331 37.7178)
OAKLAND INTL AP,37.7178,-122.2331,2010,6025,2010-12-04,2010-12-05,2,1.6100000000000012,7,POINT (-122.2331 37.7178)
OCEANSIDE MUNI AP,33.2194,-117.3497,2010,6149,2010-02-13,2010-02-14,2,3.0800000000000054,7,POINT (-117.3497 33.2194)
OCEANSIDE MUNI AP,33.2194,-117.3497,2010,6150,2010-03-15,2010-03-16,2,0.7700000000000031,7,POINT (-117.3497 33.2194)
OCEANSIDE MUNI AP,33.2194,-117.3497,2010,6151,2010-06-30,2010-07-01,2,0.629999999999999,7,POINT (-117.3497 33.2194)
OCEANSIDE MUNI AP,33.2194,-117.3497,2010,6152,2010-07-12,2010-07-16,5,0.4200000000000017,7,POINT (-117.3497 33.2194)
OCEANSIDE MUNI AP,33.2194,-117.3497,2010,6153,2010-08-17,2010-08-18,2,1.5400000000000027,7,POINT (-117.3497 33.2194)
OCEANSIDE MUNI AP,33.2194,-117.3497,2010,6154,2010-09-24,2010-09-27,4,5.040000000000006,7,POINT (-117.3497 33.2194)
OCEANSIDE MUNI AP,33.2194,-117.3497,2010,6155,2010-11-03,2010-11-04,2,1.6100000000000065,7,POINT (-117.3497 33.2194)
OROVILLE MUNI AP,39.4942,-121.6222,2010,6279,2010-01-01,2010-01-02,2,0.41999999999999993,9,POINT (-121.6222 39.4942)
OROVILLE MUNI AP,39.4942,-121.6222,2010,6280,2010-03-15,2010-03-19,5,0.7700000000000031,9,POINT (-121.6222 39.4942)
OROVILLE MUNI AP,39.4942,-121.6222,2010,6281,2010-04-17,2010-04-18,2,1.9600000000000044,9,POINT (-121.6222 39.4942)
OROVILLE MUNI AP,39.4942,-121.6222,2010,6282,2010-06-12,2010-06-14,3,0.4200000000000017,9,POINT (-121.6222 39.4942)
OROVILLE MUNI AP,39.4942,-121.6222,2010,6283,2010-06-26,2010-06-28,3,0.4200000000000017,9,POINT (-121.6222 39.4942)
OROVILLE MUNI AP,39.4942,-121.6222,2010,6284,2010-08-23,2010-08-24,2,2.3100000000000023,9,POINT (-121.6222 39.4942)
OROVILLE MUNI AP,39.4942,-121.6222,2010,6285,2010-09-26,2010-09-29,4,0.4199999999999946,9,POINT (-121.6222 39.4942)
OROVILLE MUNI AP,39.4942,-121.6222,2010,6286,2010-11-04,2010-11-05,2,0.8400000000000034,9,POINT (-121.6222 39.4942)
OROVILLE MUNI AP,39.4942,-121.6222,2010,6287,2010-12-04,2010-12-05,2,1.6100000000000012,9,POINT (-121.6222 39.4942)
OXNARD VENTURA CO AP,34.2,-119.2042,2010,6410,2010-02-13,2010-02-15,3,1.1900000000000013,8,POINT (-119.2042 34.2)
OXNARD VENTURA CO AP,34.2,-119.2042,2010,6411,2010-03-15,2010-03-16,2,0.7700000000000031,8,POINT (-119.2042 34.2)
OXNARD VENTURA CO AP,34.2,-119.2042,2010,6412,2010-07-13,2010-07-14,2,0.3500000000000014,8,POINT (-119.2042 34.2)
OXNARD VENTURA CO AP,34.2,-119.2042,2010,6413,2010-08-17,2010-08-18,2,1.9600000000000009,8,POINT (-119.2042 34.2)
OXNARD VENTURA CO AP,34.2,-119.2042,2010,6414,2010-09-23,2010-09-24,2,2.3100000000000023,8,POINT (-119.2042 34.2)
OXNARD VENTURA CO AP,34.2,-119.2042,2010,6415,2010-09-26,2010-09-27,2,5.810000000000009,8,POINT (-119.2042 34.2)
OXNARD VENTURA CO AP,34.2,-119.2042,2010,6416,2010-10-27,2010-10-28,2,0.7700000000000031,8,POINT (-119.2042 34.2)
OXNARD VENTURA CO AP,34.2,-119.2042,2010,6417,2010-12-11,2010-12-12,2,3.9200000000000053,8,POINT (-119.2042 34.2)
PALM SPRINGS ASOS,33.8222,-116.5044,2010,6555,2010-02-13,2010-02-14,2,1.120000000000001,6,POINT (-116.5044 33.8222)
PALM SPRINGS ASOS,33.8222,-116.5044,2010,6556,2010-03-15,2010-03-18,4,1.1900000000000013,6,POINT (-116.5044 33.8222)
PALM SPRINGS ASOS,33.8222,-116.5044,2010,6557,2010-04-16,2010-04-17,2,0.7700000000000031,6,POINT (-116.5044 33.8222)
PALM SPRINGS ASOS,33.8222,-116.5044,2010,6558,2010-04-25,2010-04-26,2,1.960000000000008,6,POINT (-116.5044 33.8222)
PALM SPRINGS ASOS,33.8222,-116.5044,2010,6559,2010-11-01,2010-11-03,3,0.4200000000000017,6,POINT (-116.5044 33.8222)
PALM SPRINGS ASOS,33.8222,-116.5044,2010,6560,2010-12-06,2010-12-07,2,1.1900000000000013,6,POINT (-116.5044 33.8222)
PALO ALTO,37.4667,-122.1167,2010,6670,2010-02-12,2010-02-16,5,0.5600000000000023,8,POINT (-122.1167 37.4667)
PALO ALTO,37.4667,-122.1167,2010,6671,2010-03-14,2010-03-15,2,1.4000000000000021,8,POINT (-122.1167 37.4667)
PALO ALTO,37.4667,-122.1167,2010,6672,2010-03-17,2010-03-19,3,1.4000000000000021,8,POINT (-122.1167 37.4667)
PALO ALTO,37.4667,-122.1167,2010,6673,2010-08-16,2010-08-17,2,0.28000000000000114,8,POINT (-122.1167 37.4667)
PALO ALTO,37.4667,-122.1167,2010,6674,2010-08-23,2010-08-24,2,1.8900000000000006,8,POINT (-122.1167 37.4667)
PALO ALTO,37.4667,-122.1167,2010,6675,2010-09-24,2010-09-25,2,0.7000000000000028,8,POINT (-122.1167 37.4667)
PALO ALTO,37.4667,-122.1167,2010,6676,2010-11-03,2010-11-04,2,1.1900000000000013,8,POINT (-122.1167 37.4667)
PALO ALTO,37.4667,-122.1167,2010,6677,2010-12-04,2010-12-05,2,2.1000000000000014,8,POINT (-122.1167 37.4667)
PASO ROBLES MUNI AP,35.6694,-120.6292,2010,6815,2010-01-07,2010-01-08,2,1.1900000000000048,9,POINT (-120.6292 35.6694)
PASO ROBLES MUNI AP,35.6694,-120.6292,2010,6816,2010-02-12,2010-02-14,3,0.7699999999999996,9,POINT (-120.6292 35.6694)
PASO ROBLES MUNI AP,35.6694,-120.6292,2010,6817,2010-02-16,2010-02-17,2,1.9600000000000044,9,POINT (-120.6292 35.6694)
PASO ROBLES MUNI AP,35.6694,-120.6292,2010,6818,2010-03-15,2010-03-16,2,1.5400000000000027,9,POINT (-120.6292 35.6694)
PASO ROBLES MUNI AP,35.6694,-120.6292,2010,6819,2010-04-24,2010-04-26,3,0.7699999999999996,9,POINT (-120.6292 35.6694)
PASO ROBLES MUNI AP,35.6694,-120.6292,2010,6820,2010-05-14,2010-05-15,2,0.7700000000000031,9,POINT (-120.6292 35.6694)
PASO ROBLES MUNI AP,35.6694,-120.6292,2010,6821,2010-06-04,2010-06-06,3,0.7700000000000031,9,POINT (-120.6292 35.6694)
PASO ROBLES MUNI AP,35.6694,-120.6292,2010,6822,2010-09-24,2010-09-25,2,1.9600000000000009,9,POINT (-120.6292 35.6694)
PASO ROBLES MUNI AP,35.6694,-120.6292,2010,6823,2010-11-02,2010-11-03,2,2.730000000000004,9,POINT (-120.6292 35.6694)
PT MUGU NF,34.1242,-119.1228,2010,6984,2010-01-03,2010-01-04,2,1.120000000000001,8,POINT (-119.1228 34.1242)
PT MUGU NF,34.1242,-119.1228,2010,6985,2010-02-13,2010-02-14,2,0.6300000000000026,8,POINT (-119.1228 34.1242)
PT MUGU NF,34.1242,-119.1228,2010,6986,2010-03-14,2010-03-16,3,1.120000000000001,8,POINT (-119.1228 34.1242)
PT MUGU NF,34.1242,-119.1228,2010,6987,2010-07-13,2010-07-14,2,0.5600000000000023,8,POINT (-119.1228 34.1242)
PT MUGU NF,34.1242,-119.1228,2010,6988,2010-08-17,2010-08-18,2,1.4000000000000021,8,POINT (-119.1228 34.1242)
PT MUGU NF,34.1242,-119.1228,2010,6989,2010-09-23,2010-09-27,5,1.8200000000000038,8,POINT (-119.1228 34.1242)
PT MUGU NF,34.1242,-119.1228,2010,6990,2010-10-27,2010-10-28,2,1.0500000000000007,8,POINT (-119.1228 34.1242)
PT MUGU NF,34.1242,-119.1228,2010,6991,2010-12-11,2010-12-12,2,2.1700000000000053,8,POINT (-119.1228 34.1242)
RAMONA AP,33.0381,-116.9161,2010,7148,2010-02-13,2010-02-14,2,1.5400000000000027,11,POINT (-116.9161 33.0381)
RAMONA AP,33.0381,-116.9161,2010,7149,2010-03-14,2010-03-17,4,0.7699999999999996,11,POINT (-116.9161 33.0381)
RAMONA AP,33.0381,-116.9161,2010,7150,2010-05-03,2010-05-04,2,0.3500000000000014,11,POINT (-116.9161 33.0381)
RAMONA AP,33.0381,-116.9161,2010,7151,2010-06-04,2010-06-05,2,1.1900000000000048,11,POINT (-116.9161 33.0381)
RAMONA AP,33.0381,-116.9161,2010,7152,2010-06-30,2010-07-01,2,2.3800000000000026,11,POINT (-116.9161 33.0381)
RAMONA AP,33.0381,-116.9161,2010,7153,2010-07-14,2010-07-15,2,1.8900000000000006,11,POINT (-116.9161 33.0381)
RAMONA AP,33.0381,-116.9161,2010,7154,2010-08-15,2010-08-17,3,1.1900000000000048,11,POINT (-116.9161 33.0381)
RAMONA AP,33.0381,-116.9161,2010,7155,2010-08-23,2010-08-26,4,0.4200000000000017,11,POINT (-116.9161 33.0381)
RAMONA AP,33.0381,-116.9161,2010,7156,2010-09-24,2010-09-26,3,0.7700000000000031,11,POINT (-116.9161 33.0381)
RAMONA AP,33.0381,-116.9161,2010,7157,2010-11-01,2010-11-03,3,1.1199999999999974,11,POINT (-116.9161 33.0381)
RAMONA AP,33.0381,-116.9161,2010,7158,2010-12-11,2010-12-12,2,1.8900000000000006,11,POINT (-116.9161 33.0381)
RED BLUFF MUNI AP,40.1519,-122.2547,2010,7312,2010-01-13,2010-01-14,2,0.3500000000000014,6,POINT (-122.2547 40.1519)
RED BLUFF MUNI AP,40.1519,-122.2547,2010,7313,2010-02-15,2010-02-16,2,2.3100000000000023,6,POINT (-122.2547 40.1519)
RED BLUFF MUNI AP,40.1519,-122.2547,2010,7314,2010-03-16,2010-03-17,2,3.1500000000000057,6,POINT (-122.2547 40.1519)
RED BLUFF MUNI AP,40.1519,-122.2547,2010,7315,2010-06-06,2010-06-07,2,2.1000000000000014,6,POINT (-122.2547 40.1519)
RED BLUFF MUNI AP,40.1519,-122.2547,2010,7316,2010-06-12,2010-06-13,2,1.960000000000008,6,POINT (-122.2547 40.1519)
RED BLUFF MUNI AP,40.1519,-122.2547,2010,7317,2010-12-04,2010-12-07,4,0.41999999999999993,6,POINT (-122.2547 40.1519)
REDDING AP,40.5147,-122.2978,2010,7460,2010-02-15,2010-02-16,2,2.730000000000004,4,POINT (-122.2978 40.5147)
REDDING AP,40.5147,-122.2978,2010,7461,2010-05-13,2010-05-14,2,0.3500000000000014,4,POINT (-122.2978 40.5147)
REDDING AP,40.5147,-122.2978,2010,7462,2010-09-25,2010-09-28,4,1.1899999999999977,4,POINT (-122.2978 40.5147)
REDDING AP,40.5147,-122.2978,2010,7463,2010-12-06,2010-12-07,2,1.120000000000001,4,POINT (-122.2978 40.5147)
S LAKE TAHOE AP,38.8983,-119.9961,2010,7598,2010-02-13,2010-02-14,2,0.7700000000000014,7,POINT (-119.9961 38.8983)
S LAKE TAHOE AP,38.8983,-119.9961,2010,7599,2010-03-15,2010-03-16,2,2.730000000000004,7,POINT (-119.9961 38.8983)
S LAKE TAHOE AP,38.8983,-119.9961,2010,7600,2010-04-17,2010-04-18,2,2.3100000000000023,7,POINT (-119.9961 38.8983)
S LAKE TAHOE AP,38.8983,-119.9961,2010,7601,2010-06-05,2010-06-06,2,0.3500000000000014,7,POINT (-119.9961 38.8983)
S LAKE TAHOE AP,38.8983,-119.9961,2010,7602,2010-06-26,2010-06-28,3,0.4200000000000017,7,POINT (-119.9961 38.8983)
S LAKE TAHOE AP,38.8983,-119.9961,2010,7603,2010-08-24,2010-08-25,2,0.7699999999999996,7,POINT (-119.9961 38.8983)
S LAKE TAHOE AP,38.8983,-119.9961,2010,7604,2010-09-25,2010-09-27,3,1.1900000000000013,7,POINT (-119.9961 38.8983)
SACRAMENTO 5 ESE,38.5553,-121.4183,2010,7779,2010-02-12,2010-02-16,5,0.5600000000000023,10,POINT (-121.4183 38.5553)
SACRAMENTO 5 ESE,38.5553,-121.4183,2010,7780,2010-03-14,2010-03-17,4,0.21000000000000085,10,POINT (-121.4183 38.5553)
SACRAMENTO 5 ESE,38.5553,-121.4183,2010,7781,2010-05-29,2010-05-30,2,0.8399999999999999,10,POINT (-121.4183 38.5553)
SACRAMENTO 5 ESE,38.5553,-121.4183,2010,7782,2010-07-14,2010-07-15,2,0.8400000000000034,10,POINT (-121.4183 38.5553)
SACRAMENTO 5 ESE,38.5553,-121.4183,2010,7783,2010-08-16,2010-08-17,2,0.28000000000000114,10,POINT (-121.4183 38.5553)
SACRAMENTO 5 ESE,38.5553,-121.4183,2010,7784,2010-08-23,2010-08-24,2,1.8900000000000006,10,POINT (-121.4183 38.5553)
SACRAMENTO 5 ESE,38.5553,-121.4183,2010,7785,2010-09-24,2010-09-27,4,1.75,10,POINT (-121.4183 38.5553)
SACRAMENTO 5 ESE,38.5553,-121.4183,2010,7786,2010-11-01,2010-11-04,4,0.5600000000000023,10,POINT (-121.4183 38.5553)
SACRAMENTO 5 ESE,38.5553,-121.4183,2010,7787,2010-12-05,2010-12-07,3,0.6999999999999993,10,POINT (-121.4183 38.5553)
SACRAMENTO 5 ESE,38.5553,-121.4183,2010,7788,2010-12-11,2010-12-12,2,0.7699999999999996,10,POINT (-121.4183 38.5553)
SACRAMENTO AP ASOS,38.5067,-121.4961,2010,7982,2010-01-29,2010-01-30,2,1.4700000000000024,8,POINT (-121.4961 38.5067)
SACRAMENTO AP ASOS,38.5067,-121.4961,2010,7983,2010-02-14,2010-02-17,4,0.4200000000000017,8,POINT (-121.4961 38.5067)
SACRAMENTO AP ASOS,38.5067,-121.4961,2010,7984,2010-03-06,2010-03-07,2,0.41999999999999815,8,POINT (-121.4961 38.5067)
SACRAMENTO AP ASOS,38.5067,-121.4961,2010,7985,2010-03-15,2010-03-18,4,0.7699999999999996,8,POINT (-121.4961 38.5067)
SACRAMENTO AP ASOS,38.5067,-121.4961,2010,7986,2010-04-17,2010-04-18,2,1.5400000000000027,8,POINT (-121.4961 38.5067)
SACRAMENTO AP ASOS,38.5067,-121.4961,2010,7987,2010-06-05,2010-06-06,2,0.3500000000000014,8,POINT (-121.4961 38.5067)
SACRAMENTO AP ASOS,38.5067,-121.4961,2010,7988,2010-08-23,2010-08-24,2,1.5399999999999991,8,POINT (-121.4961 38.5067)
SACRAMENTO AP ASOS,38.5067,-121.4961,2010,7989,2010-09-25,2010-09-26,2,1.6100000000000065,8,POINT (-121.4961 38.5067)
SACRAMENTO METRO AP,38.7006,-121.5947,2010,8153,2010-02-14,2010-02-15,2,1.8900000000000006,7,POINT (-121.5947 38.7006)
SACRAMENTO METRO AP,38.7006,-121.5947,2010,8154,2010-03-06,2010-03-07,2,0.7700000000000031,7,POINT (-121.5947 38.7006)
SACRAMENTO METRO AP,38.7006,-121.5947,2010,8155,2010-03-15,2010-03-17,3,1.1900000000000013,7,POINT (-121.5947 38.7006)
SACRAMENTO METRO AP,38.7006,-121.5947,2010,8156,2010-06-05,2010-06-06,2,0.7700000000000031,7,POINT (-121.5947 38.7006)
SACRAMENTO METRO AP,38.7006,-121.5947,2010,8157,2010-07-15,2010-07-16,2,0.7700000000000031,7,POINT (-121.5947 38.7006)
SACRAMENTO METRO AP,38.7006,-121.5947,2010,8158,2010-08-23,2010-08-24,2,2.3100000000000023,7,POINT (-121.5947 38.7006)
SACRAMENTO METRO AP,38.7006,-121.5947,2010,8159,2010-09-25,2010-09-28,4,1.1899999999999977,7,POINT (-121.5947 38.7006)
SALINAS AP,36.6636,-121.6092,2010,8310,2010-02-15,2010-02-17,3,0.7699999999999996,9,POINT (-121.6092 36.6636)
SALINAS AP,36.6636,-121.6092,2010,8311,2010-03-15,2010-03-16,2,0.3500000000000014,9,POINT (-121.6092 36.6636)
SALINAS AP,36.6636,-121.6092,2010,8312,2010-03-18,2010-03-19,2,1.5400000000000027,9,POINT (-121.6092 36.6636)
SALINAS AP,36.6636,-121.6092,2010,8313,2010-06-04,2010-06-05,2,1.9600000000000044,9,POINT (-121.6092 36.6636)
SALINAS AP,36.6636,-121.6092,2010,8314,2010-08-18,2010-08-19,2,0.7700000000000031,9,POINT (-121.6092 36.6636)
SALINAS AP,36.6636,-121.6092,2010,8315,2010-08-23,2010-08-24,2,4.270000000000003,9,POINT (-121.6092 36.6636)
SALINAS AP,36.6636,-121.6092,2010,8316,2010-09-24,2010-09-25,2,2.6600000000000037,9,POINT (-121.6092 36.6636)
SALINAS AP,36.6636,-121.6092,2010,8317,2010-11-01,2010-11-04,4,0.7699999999999996,9,POINT (-121.6092 36.6636)
SALINAS AP,36.6636,-121.6092,2010,8318,2010-12-11,2010-12-12,2,1.1900000000000013,9,POINT (-121.6092 36.6636)
SAN CARLOS AP,37.5167,-122.25,2010,8450,2010-03-14,2010-03-19,6,1.4000000000000021,7,POINT (-122.25 37.5167)
SAN CARLOS AP,37.5167,-122.25,2010,8451,2010-05-29,2010-05-30,2,0.7000000000000028,7,POINT (-122.25 37.5167)
SAN CARLOS AP,37.5167,-122.25,2010,8452,2010-08-18,2010-08-19,2,0.490000000000002,7,POINT (-122.25 37.5167)
SAN CARLOS AP,37.5167,-122.25,2010,8453,2010-08-23,2010-08-24,2,3.500000000000007,7,POINT (-122.25 37.5167)
SAN CARLOS AP,37.5167,-122.25,2010,8454,2010-09-24,2010-09-25,2,2.1000000000000014,7,POINT (-122.25 37.5167)
SAN CARLOS AP,37.5167,-122.25,2010,8455,2010-11-02,2010-11-03,2,0.9100000000000001,7,POINT (-122.25 37.5167)
SAN CARLOS AP,37.5167,-122.25,2010,8456,2010-12-04,2010-12-05,2,0.7000000000000028,7,POINT (-122.25 37.5167)
SAN CLEMENTE IS NAAS,33.0233,-118.5881,2010,8603,2010-03-15,2010-03-16,2,2.940000000000005,7,POINT (-118.5881 33.0233)
SAN CLEMENTE IS NAAS,33.0233,-118.5881,2010,8604,2010-05-29,2010-05-30,2,0.8399999999999999,7,POINT (-118.5881 33.0233)
SAN CLEMENTE IS NAAS,33.0233,-118.5881,2010,8605,2010-06-12,2010-06-13,2,0.7700000000000031,7,POINT (-118.5881 33.0233)
SAN CLEMENTE IS NAAS,33.0233,-118.5881,2010,8606,2010-07-15,2010-07-17,3,0.28000000000000114,7,POINT (-118.5881 33.0233)
SAN CLEMENTE IS NAAS,33.0233,-118.5881,2010,8607,2010-09-24,2010-09-26,3,0.07000000000000028,7,POINT (-118.5881 33.0233)
SAN CLEMENTE IS NAAS,33.0233,-118.5881,2010,8608,2010-11-02,2010-11-03,2,3.500000000000007,7,POINT (-118.5881 33.0233)
SAN CLEMENTE IS NAAS,33.0233,-118.5881,2010,8609,2010-12-11,2010-12-12,2,3.920000000000009,7,POINT (-118.5881 33.0233)
SAN DIEGO MIRAMAR NAS,32.8667,-117.1333,2010,8750,2010-02-13,2010-02-14,2,2.940000000000005,11,POINT (-117.1333 32.8667)
SAN DIEGO MIRAMAR NAS,32.8667,-117.1333,2010,8751,2010-03-15,2010-03-17,3,0.3500000000000014,11,POINT (-117.1333 32.8667)
SAN DIEGO MIRAMAR NAS,32.8667,-117.1333,2010,8752,2010-05-03,2010-05-04,2,0.07000000000000028,11,POINT (-117.1333 32.8667)
SAN DIEGO MIRAMAR NAS,32.8667,-117.1333,2010,8753,2010-06-04,2010-06-05,2,1.0500000000000007,11,POINT (-117.1333 32.8667)
SAN DIEGO MIRAMAR NAS,32.8667,-117.1333,2010,8754,2010-07-01,2010-07-02,2,0.5600000000000023,11,POINT (-117.1333 32.8667)
SAN DIEGO MIRAMAR NAS,32.8667,-117.1333,2010,8755,2010-07-13,2010-07-16,4,2.030000000000001,11,POINT (-117.1333 32.8667)
SAN DIEGO MIRAMAR NAS,32.8667,-117.1333,2010,8756,2010-08-17,2010-08-18,2,0.5600000000000023,11,POINT (-117.1333 32.8667)
SAN DIEGO MIRAMAR NAS,32.8667,-117.1333,2010,8757,2010-09-24,2010-09-27,4,2.1700000000000017,11,POINT (-117.1333 32.8667)
SAN DIEGO MIRAMAR NAS,32.8667,-117.1333,2010,8758,2010-10-27,2010-10-28,2,0.14000000000000057,11,POINT (-117.1333 32.8667)
SAN DIEGO MIRAMAR NAS,32.8667,-117.1333,2010,8759,2010-11-02,2010-11-04,3,1.9600000000000009,11,POINT (-117.1333 32.8667)
SAN DIEGO MIRAMAR NAS,32.8667,-117.1333,2010,8760,2010-12-01,2010-12-02,2,1.6800000000000033,11,POINT (-117.1333 32.8667)
SAN FRANCISCO DWTN,37.7706,-122.4269,2010,8957,2010-02-12,2010-02-16,5,0.5600000000000023,10,POINT (-122.4269 37.7706)
SAN FRANCISCO DWTN,37.7706,-122.4269,2010,8958,2010-03-14,2010-03-17,4,0.21000000000000085,10,POINT (-122.4269 37.7706)
SAN FRANCISCO DWTN,37.7706,-122.4269,2010,8959,2010-05-29,2010-05-30,2,0.8399999999999999,10,POINT (-122.4269 37.7706)
SAN FRANCISCO DWTN,37.7706,-122.4269,2010,8960,2010-07-14,2010-07-15,2,0.8400000000000034,10,POINT (-122.4269 37.7706)
SAN FRANCISCO DWTN,37.7706,-122.4269,2010,8961,2010-08-16,2010-08-17,2,0.28000000000000114,10,POINT (-122.4269 37.7706)
SAN FRANCISCO DWTN,37.7706,-122.4269,2010,8962,2010-08-23,2010-08-24,2,1.8900000000000006,10,POINT (-122.4269 37.7706)
SAN FRANCISCO DWTN,37.7706,-122.4269,2010,8963,2010-09-24,2010-09-27,4,1.75,10,POINT (-122.4269 37.7706)
SAN FRANCISCO DWTN,37.7706,-122.4269,2010,8964,2010-11-01,2010-11-04,4,0.5600000000000023,10,POINT (-122.4269 37.7706)
SAN FRANCISCO DWTN,37.7706,-122.4269,2010,8965,2010-12-05,2010-12-07,3,0.6999999999999993,10,POINT (-122.4269 37.7706)
SAN FRANCISCO DWTN,37.7706,-122.4269,2010,8966,2010-12-11,2010-12-12,2,0.7699999999999996,10,POINT (-122.4269 37.7706)
SAN FRANCISCO INTL AP,37.6197,-122.3656,2010,9156,2010-03-17,2010-03-19,3,1.6800000000000033,4,POINT (-122.3656 37.6197)
SAN FRANCISCO INTL AP,37.6197,-122.3656,2010,9157,2010-06-03,2010-06-05,3,1.120000000000001,4,POINT (-122.3656 37.6197)
SAN FRANCISCO INTL AP,37.6197,-122.3656,2010,9158,2010-08-22,2010-08-24,3,3.010000000000005,4,POINT (-122.3656 37.6197)
SAN FRANCISCO INTL AP,37.6197,-122.3656,2010,9159,2010-09-24,2010-09-25,2,0.490000000000002,4,POINT (-122.3656 37.6197)
SAN JOSE,37.3594,-121.9244,2010,9306,2010-03-17,2010-03-19,3,2.310000000000006,6,POINT (-121.9244 37.3594)
SAN JOSE,37.3594,-121.9244,2010,9307,2010-05-29,2010-05-30,2,1.5400000000000027,6,POINT (-121.9244 37.3594)
SAN JOSE,37.3594,-121.9244,2010,9308,2010-08-23,2010-08-24,2,3.1500000000000057,6,POINT (-121.9244 37.3594)
SAN JOSE,37.3594,-121.9244,2010,9309,2010-09-27,2010-09-28,2,1.1200000000000045,6,POINT (-121.9244 37.3594)
SAN JOSE,37.3594,-121.9244,2010,9310,2010-11-02,2010-11-04,3,0.7699999999999996,6,POINT (-121.9244 37.3594)
SAN JOSE,37.3594,-121.9244,2010,9311,2010-12-04,2010-12-05,2,0.7699999999999996,6,POINT (-121.9244 37.3594)
SAN JOSE REID HILLVIEW AP,37.3333,-121.8167,2010,9443,2010-05-29,2010-05-30,2,2.1000000000000014,4,POINT (-121.8167 37.3333)
SAN JOSE REID HILLVIEW AP,37.3333,-121.8167,2010,9444,2010-08-23,2010-08-24,2,2.8000000000000043,4,POINT (-121.8167 37.3333)
SAN JOSE REID HILLVIEW AP,37.3333,-121.8167,2010,9445,2010-09-27,2010-09-28,2,1.4000000000000057,4,POINT (-121.8167 37.3333)
SAN JOSE REID HILLVIEW AP,37.3333,-121.8167,2010,9446,2010-11-03,2010-11-04,2,2.1000000000000014,4,POINT (-121.8167 37.3333)
SAN LUIS OBISPO MCCHESNEY FLD,35.2381,-120.6442,2010,9587,2010-01-05,2010-01-06,2,0.2099999999999973,7,POINT (-120.6442 35.2381)
SAN LUIS OBISPO MCCHESNEY FLD,35.2381,-120.6442,2010,9588,2010-02-13,2010-02-14,2,1.6099999999999994,7,POINT (-120.6442 35.2381)
SAN LUIS OBISPO MCCHESNEY FLD,35.2381,-120.6442,2010,9589,2010-03-14,2010-03-17,4,1.2600000000000016,7,POINT (-120.6442 35.2381)
SAN LUIS OBISPO MCCHESNEY FLD,35.2381,-120.6442,2010,9590,2010-05-29,2010-05-30,2,1.120000000000001,7,POINT (-120.6442 35.2381)
SAN LUIS OBISPO MCCHESNEY FLD,35.2381,-120.6442,2010,9591,2010-08-16,2010-08-18,3,2.030000000000001,7,POINT (-120.6442 35.2381)
SAN LUIS OBISPO MCCHESNEY FLD,35.2381,-120.6442,2010,9592,2010-11-01,2010-11-02,2,2.240000000000002,7,POINT (-120.6442 35.2381)
SAN LUIS OBISPO MCCHESNEY FLD,35.2381,-120.6442,2010,9593,2010-12-11,2010-12-12,2,2.240000000000002,7,POINT (-120.6442 35.2381)
SAN NICOLAS IS,33.2339,-119.4558,2010,9754,2010-02-13,2010-02-15,3,1.2600000000000016,11,POINT (-119.4558 33.2339)
SAN NICOLAS IS,33.2339,-119.4558,2010,9755,2010-03-14,2010-03-17,4,0.14000000000000057,11,POINT (-119.4558 33.2339)
SAN NICOLAS IS,33.2339,-119.4558,2010,9756,2010-04-07,2010-04-08,2,1.4000000000000021,11,POINT (-119.4558 33.2339)
SAN NICOLAS IS,33.2339,-119.4558,2010,9757,2010-04-24,2010-04-25,2,1.6800000000000033,11,POINT (-119.4558 33.2339)
SAN NICOLAS IS,33.2339,-119.4558,2010,9758,2010-05-29,2010-05-30,2,0.8399999999999999,11,POINT (-119.4558 33.2339)
SAN NICOLAS IS,33.2339,-119.4558,2010,9759,2010-06-05,2010-06-06,2,0.5600000000000023,11,POINT (-119.4558 33.2339)
SAN NICOLAS IS,33.2339,-119.4558,2010,9760,2010-09-02,2010-09-03,2,0.7000000000000028,11,POINT (-119.4558 33.2339)
SAN NICOLAS IS,33.2339,-119.4558,2010,9761,2010-09-24,2010-09-25,2,3.0800000000000054,11,POINT (-119.4558 33.2339)
SAN NICOLAS IS,33.2339,-119.4558,2010,9762,2010-11-01,2010-11-03,3,0.4200000000000017,11,POINT (-119.4558 33.2339)
SAN NICOLAS IS,33.2339,-119.4558,2010,9763,2010-12-01,2010-12-02,2,0.7700000000000031,11,POINT (-119.4558 33.2339)
SAN NICOLAS IS,33.2339,-119.4558,2010,9764,2010-12-11,2010-12-12,2,3.500000000000007,11,POINT (-119.4558 33.2339)
SAN SIMEON PT PIEDRAS BLANCAS,35.6656,-121.2847,2010,9922,2010-02-12,2010-02-16,5,0.5600000000000023,10,POINT (-121.2847 35.6656)
SAN SIMEON PT PIEDRAS BLANCAS,35.6656,-121.2847,2010,9923,2010-03-14,2010-03-17,4,0.21000000000000085,10,POINT (-121.2847 35.6656)
SAN SIMEON PT PIEDRAS BLANCAS,35.6656,-121.2847,2010,9924,2010-05-29,2010-05-30,2,0.8399999999999999,10,POINT (-121.2847 35.6656)
SAN SIMEON PT PIEDRAS BLANCAS,35.6656,-121.2847,2010,9925,2010-07-14,2010-07-15,2,0.8400000000000034,10,POINT (-121.2847 35.6656)
SAN SIMEON PT PIEDRAS BLANCAS,35.6656,-121.2847,2010,9926,2010-08-16,2010-08-17,2,0.28000000000000114,10,POINT (-121.2847 35.6656)
SAN SIMEON PT PIEDRAS BLANCAS,35.6656,-121.2847,2010,9927,2010-08-23,2010-08-24,2,1.8900000000000006,10,POINT (-121.2847 35.6656)
SAN SIMEON PT PIEDRAS BLANCAS,35.6656,-121.2847,2010,9928,2010-09-24,2010-09-27,4,1.75,10,POINT (-121.2847 35.6656)
SAN SIMEON PT PIEDRAS BLANCAS,35.6656,-121.2847,2010,9929,2010-11-01,2010-11-04,4,0.5600000000000023,10,POINT (-121.2847 35.6656)
SAN SIMEON PT PIEDRAS BLANCAS,35.6656,-121.2847,2010,9930,2010-12-05,2010-12-07,3,0.6999999999999993,10,POINT (-121.2847 35.6656)
SAN SIMEON PT PIEDRAS BLANCAS,35.6656,-121.2847,2010,9931,2010-12-11,2010-12-12,2,0.7699999999999996,10,POINT (-121.2847 35.6656)
SANTA ANA JOHN WAYNE AP,33.6797,-117.8675,2010,10111,2010-02-13,2010-02-14,2,1.1900000000000013,6,POINT (-117.8675 33.6797)
SANTA ANA JOHN WAYNE AP,33.6797,-117.8675,2010,10112,2010-03-14,2010-03-17,4,0.41999999999999815,6,POINT (-117.8675 33.6797)
SANTA ANA JOHN WAYNE AP,33.6797,-117.8675,2010,10113,2010-07-12,2010-07-14,3,1.1900000000000048,6,POINT (-117.8675 33.6797)
SANTA ANA JOHN WAYNE AP,33.6797,-117.8675,2010,10114,2010-08-17,2010-08-18,2,1.9600000000000009,6,POINT (-117.8675 33.6797)
SANTA ANA JOHN WAYNE AP,33.6797,-117.8675,2010,10115,2010-09-24,2010-09-27,4,0.7700000000000031,6,POINT (-117.8675 33.6797)
SANTA ANA JOHN WAYNE AP,33.6797,-117.8675,2010,10116,2010-11-02,2010-11-03,2,2.730000000000004,6,POINT (-117.8675 33.6797)
SANTA BARBARA 11 W,34.4142,-119.8797,2010,10287,2010-02-15,2010-02-17,3,0.6999999999999993,6,POINT (-119.8797 34.4142)
SANTA BARBARA 11 W,34.4142,-119.8797,2010,10288,2010-03-15,2010-03-16,2,0.5600000000000023,6,POINT (-119.8797 34.4142)
SANTA BARBARA 11 W,34.4142,-119.8797,2010,10289,2010-06-18,2010-06-19,2,0.629999999999999,6,POINT (-119.8797 34.4142)
SANTA BARBARA 11 W,34.4142,-119.8797,2010,10290,2010-08-15,2010-08-16,2,0.28000000000000114,6,POINT (-119.8797 34.4142)
SANTA BARBARA 11 W,34.4142,-119.8797,2010,10291,2010-09-25,2010-09-27,3,3.7100000000000044,6,POINT (-119.8797 34.4142)
SANTA BARBARA 11 W,34.4142,-119.8797,2010,10292,2010-12-09,2010-12-11,3,0.3500000000000014,6,POINT (-119.8797 34.4142)
SANTA MARIA PUBLIC AP,34.8942,-120.4522,2010,10445,2010-02-13,2010-02-15,3,0.7700000000000031,4,POINT (-120.4522 34.8942)
SANTA MARIA PUBLIC AP,34.8942,-120.4522,2010,10446,2010-03-14,2010-03-17,4,1.5400000000000027,4,POINT (-120.4522 34.8942)
SANTA MARIA PUBLIC AP,34.8942,-120.4522,2010,10447,2010-10-27,2010-10-28,2,1.610000000000003,4,POINT (-120.4522 34.8942)
SANTA MARIA PUBLIC AP,34.8942,-120.4522,2010,10448,2010-12-11,2010-12-12,2,0.7699999999999996,4,POINT (-120.4522 34.8942)
SANTA MONICA MUNI AP,34.0211,-118.4472,2010,10587,2010-02-13,2010-02-16,4,0.7699999999999996,6,POINT (-118.4472 34.0211)
SANTA MONICA MUNI AP,34.0211,-118.4472,2010,10588,2010-03-15,2010-03-16,2,1.8900000000000006,6,POINT (-118.4472 34.0211)
SANTA MONICA MUNI AP,34.0211,-118.4472,2010,10589,2010-07-13,2010-07-16,4,0.41999999999999815,6,POINT (-118.4472 34.0211)
SANTA MONICA MUNI AP,34.0211,-118.4472,2010,10590,2010-08-17,2010-08-18,2,1.120000000000001,6,POINT (-118.4472 34.0211)
SANTA MONICA MUNI AP,34.0211,-118.4472,2010,10591,2010-09-24,2010-09-27,4,5.810000000000009,6,POINT (-118.4472 34.0211)
SANTA MONICA MUNI AP,34.0211,-118.4472,2010,10592,2010-11-02,2010-11-03,2,3.0800000000000054,6,POINT (-118.4472 34.0211)
SANTA YNEZ AP,34.6069,-120.0756,2010,10775,2010-03-14,2010-03-17,4,0.3500000000000014,8,POINT (-120.0756 34.6069)
SANTA YNEZ AP,34.6069,-120.0756,2010,10776,2010-05-02,2010-05-03,2,2.450000000000003,8,POINT (-120.0756 34.6069)
SANTA YNEZ AP,34.6069,-120.0756,2010,10777,2010-05-29,2010-05-30,2,1.0500000000000007,8,POINT (-120.0756 34.6069)
SANTA YNEZ AP,34.6069,-120.0756,2010,10778,2010-08-16,2010-08-17,2,0.3500000000000014,8,POINT (-120.0756 34.6069)
SANTA YNEZ AP,34.6069,-120.0756,2010,10779,2010-08-23,2010-08-24,2,1.0500000000000043,8,POINT (-120.0756 34.6069)
SANTA YNEZ AP,34.6069,-120.0756,2010,10780,2010-09-24,2010-09-25,2,2.450000000000003,8,POINT (-120.0756 34.6069)
SANTA YNEZ AP,34.6069,-120.0756,2010,10781,2010-11-01,2010-11-03,3,1.0500000000000043,8,POINT (-120.0756 34.6069)
SANTA YNEZ AP,34.6069,-120.0756,2010,10782,2010-12-11,2010-12-12,2,1.0500000000000007,8,POINT (-120.0756 34.6069)
STOCKTON AP,37.89,-121.2264,2010,10959,2010-01-12,2010-01-13,2,0.3500000000000014,9,POINT (-121.2264 37.89)
STOCKTON AP,37.89,-121.2264,2010,10960,2010-02-16,2010-02-17,2,0.7000000000000028,9,POINT (-121.2264 37.89)
STOCKTON AP,37.89,-121.2264,2010,10961,2010-03-15,2010-03-18,4,1.2600000000000016,9,POINT (-121.2264 37.89)
STOCKTON AP,37.89,-121.2264,2010,10962,2010-06-12,2010-06-13,2,1.9600000000000009,9,POINT (-121.2264 37.89)
STOCKTON AP,37.89,-121.2264,2010,10963,2010-06-27,2010-06-28,2,0.7700000000000031,9,POINT (-121.2264 37.89)
STOCKTON AP,37.89,-121.2264,2010,10964,2010-08-23,2010-08-24,2,2.1700000000000017,9,POINT (-121.2264 37.89)
STOCKTON AP,37.89,-121.2264,2010,10965,2010-09-25,2010-09-28,4,0.9099999999999966,9,POINT (-121.2264 37.89)
STOCKTON AP,37.89,-121.2264,2010,10966,2010-11-03,2010-11-04,2,0.7700000000000031,9,POINT (-121.2264 37.89)
STOCKTON AP,37.89,-121.2264,2010,10967,2010-12-04,2010-12-06,3,1.4000000000000021,9,POINT (-121.2264 37.89)
STOVEPIPE WELLS 1 SW,36.6019,-117.145,2010,11116,2010-01-07,2010-01-08,2,0.3500000000000014,7,POINT (-117.145 36.6019)
STOVEPIPE WELLS 1 SW,36.6019,-117.145,2010,11117,2010-02-14,2010-02-17,4,0.8399999999999999,7,POINT (-117.145 36.6019)
STOVEPIPE WELLS 1 SW,36.6019,-117.145,2010,11118,2010-03-15,2010-03-18,4,0.3500000000000014,7,POINT (-117.145 36.6019)
STOVEPIPE WELLS 1 SW,36.6019,-117.145,2010,11119,2010-04-26,2010-04-27,2,0.4899999999999949,7,POINT (-117.145 36.6019)
STOVEPIPE WELLS 1 SW,36.6019,-117.145,2010,11120,2010-05-15,2010-05-16,2,0.980000000000004,7,POINT (-117.145 36.6019)
STOVEPIPE WELLS 1 SW,36.6019,-117.145,2010,11121,2010-12-06,2010-12-07,2,0.21000000000000085,7,POINT (-117.145 36.6019)
STOVEPIPE WELLS 1 SW,36.6019,-117.145,2010,11122,2010-12-10,2010-12-12,3,1.120000000000001,7,POINT (-117.145 36.6019)
TRUCKEE AP,39.32,-120.1394,2010,11251,2010-06-26,2010-06-28,3,0.3500000000000014,3,POINT (-120.1394 39.32)
TRUCKEE AP,39.32,-120.1394,2010,11252,2010-08-24,2010-08-25,2,1.0500000000000007,3,POINT (-120.1394 39.32)
TRUCKEE AP,39.32,-120.1394,2010,11253,2010-09-24,2010-09-28,5,0.3500000000000014,3,POINT (-120.1394 39.32)
TWENTYNINE PALMS MC,34.2939,-116.1472,2010,11382,2010-02-02,2010-02-04,3,0.3500000000000014,10,POINT (-116.1472 34.2939)
TWENTYNINE PALMS MC,34.2939,-116.1472,2010,11383,2010-02-12,2010-02-14,3,1.1900000000000013,10,POINT (-116.1472 34.2939)
TWENTYNINE PALMS MC,34.2939,-116.1472,2010,11384,2010-03-15,2010-03-18,4,1.1900000000000013,10,POINT (-116.1472 34.2939)
TWENTYNINE PALMS MC,34.2939,-116.1472,2010,11385,2010-04-17,2010-04-18,2,0.7700000000000031,10,POINT (-116.1472 34.2939)
TWENTYNINE PALMS MC,34.2939,-116.1472,2010,11386,2010-04-26,2010-04-27,2,0.3500000000000014,10,POINT (-116.1472 34.2939)
TWENTYNINE PALMS MC,34.2939,-116.1472,2010,11387,2010-05-04,2010-05-05,2,0.7700000000000031,10,POINT (-116.1472 34.2939)
TWENTYNINE PALMS MC,34.2939,-116.1472,2010,11388,2010-06-03,2010-06-05,3,0.7700000000000031,10,POINT (-116.1472 34.2939)
TWENTYNINE PALMS MC,34.2939,-116.1472,2010,11389,2010-06-23,2010-06-24,2,0.7700000000000031,10,POINT (-116.1472 34.2939)
TWENTYNINE PALMS MC,34.2939,-116.1472,2010,11390,2010-11-02,2010-11-03,2,0.7699999999999996,10,POINT (-116.1472 34.2939)
TWENTYNINE PALMS MC,34.2939,-116.1472,2010,11391,2010-12-05,2010-12-06,2,0.7699999999999996,10,POINT (-116.1472 34.2939)
UKIAH MUNI AP,39.1278,-123.2003,2010,11538,2010-01-04,2010-01-05,2,0.14000000000000057,12,POINT (-123.2003 39.1278)
UKIAH MUNI AP,39.1278,-123.2003,2010,11539,2010-02-12,2010-02-13,2,1.8200000000000038,12,POINT (-123.2003 39.1278)
UKIAH MUNI AP,39.1278,-123.2003,2010,11540,2010-02-15,2010-02-17,3,0.41999999999999815,12,POINT (-123.2003 39.1278)
UKIAH MUNI AP,39.1278,-123.2003,2010,11541,2010-03-17,2010-03-18,2,2.1700000000000053,12,POINT (-123.2003 39.1278)
UKIAH MUNI AP,39.1278,-123.2003,2010,11542,2010-06-12,2010-06-13,2,1.259999999999998,12,POINT (-123.2003 39.1278)
UKIAH MUNI AP,39.1278,-123.2003,2010,11543,2010-06-26,2010-06-27,2,0.9099999999999966,12,POINT (-123.2003 39.1278)
UKIAH MUNI AP,39.1278,-123.2003,2010,11544,2010-07-15,2010-07-16,2,0.7000000000000028,12,POINT (-123.2003 39.1278)
UKIAH MUNI AP,39.1278,-123.2003,2010,11545,2010-08-23,2010-08-24,2,0.7000000000000028,12,POINT (-123.2003 39.1278)
UKIAH MUNI AP,39.1278,-123.2003,2010,11546,2010-09-25,2010-09-28,4,0.7700000000000031,12,POINT (-123.2003 39.1278)
UKIAH MUNI AP,39.1278,-123.2003,2010,11547,2010-11-03,2010-11-04,2,1.4700000000000024,12,POINT (-123.2003 39.1278)
UKIAH MUNI AP,39.1278,-123.2003,2010,11548,2010-12-06,2010-12-07,2,0.5600000000000005,12,POINT (-123.2003 39.1278)
UKIAH MUNI AP,39.1278,-123.2003,2010,11549,2010-12-10,2010-12-11,2,1.5400000000000027,12,POINT (-123.2003 39.1278)
VACAVILLE/NUT TREE AP ASOS,38.3775,-121.9586,2010,11691,2010-02-13,2010-02-15,3,2.1000000000000014,7,POINT (-121.9586 38.3775)
VACAVILLE/NUT TREE AP ASOS,38.3775,-121.9586,2010,11692,2010-03-16,2010-03-18,3,1.4000000000000021,7,POINT (-121.9586 38.3775)
VACAVILLE/NUT TREE AP ASOS,38.3775,-121.9586,2010,11693,2010-05-29,2010-05-30,2,1.4000000000000021,7,POINT (-121.9586 38.3775)
VACAVILLE/NUT TREE AP ASOS,38.3775,-121.9586,2010,11694,2010-06-12,2010-06-13,2,1.4000000000000057,7,POINT (-121.9586 38.3775)
VACAVILLE/NUT TREE AP ASOS,38.3775,-121.9586,2010,11695,2010-06-26,2010-06-27,2,2.1000000000000014,7,POINT (-121.9586 38.3775)
VACAVILLE/NUT TREE AP ASOS,38.3775,-121.9586,2010,11696,2010-08-23,2010-08-24,2,0.7000000000000028,7,POINT (-121.9586 38.3775)
VACAVILLE/NUT TREE AP ASOS,38.3775,-121.9586,2010,11697,2010-09-25,2010-09-28,4,0.7000000000000028,7,POINT (-121.9586 38.3775)
VANDENBERG AFB,34.7167,-120.5667,2010,11837,2010-02-14,2010-02-15,2,1.120000000000001,6,POINT (-120.5667 34.7167)
VANDENBERG AFB,34.7167,-120.5667,2010,11838,2010-03-15,2010-03-17,3,1.120000000000001,6,POINT (-120.5667 34.7167)
VANDENBERG AFB,34.7167,-120.5667,2010,11839,2010-07-12,2010-07-13,2,0.41999999999999815,6,POINT (-120.5667 34.7167)
VANDENBERG AFB,34.7167,-120.5667,2010,11840,2010-09-05,2010-09-06,2,0.629999999999999,6,POINT (-120.5667 34.7167)
VANDENBERG AFB,34.7167,-120.5667,2010,11841,2010-09-24,2010-09-25,2,3.2200000000000024,6,POINT (-120.5667 34.7167)
VANDENBERG AFB,34.7167,-120.5667,2010,11842,2010-12-11,2010-12-12,2,3.500000000000007,6,POINT (-120.5667 34.7167)
VISALIA MUNIAP,36.3167,-119.4,2010,11991,2010-02-15,2010-02-17,3,1.4000000000000021,7,POINT (-119.4 36.3167)
VISALIA MUNIAP,36.3167,-119.4,2010,11992,2010-03-15,2010-03-16,2,2.1000000000000014,7,POINT (-119.4 36.3167)
VISALIA MUNIAP,36.3167,-119.4,2010,11993,2010-04-24,2010-04-26,3,1.7500000000000036,7,POINT (-119.4 36.3167)
VISALIA MUNIAP,36.3167,-119.4,2010,11994,2010-05-14,2010-05-16,3,0.3500000000000014,7,POINT (-119.4 36.3167)
VISALIA MUNIAP,36.3167,-119.4,2010,11995,2010-06-03,2010-06-06,4,0.7000000000000028,7,POINT (-119.4 36.3167)
VISALIA MUNIAP,36.3167,-119.4,2010,11996,2010-07-16,2010-07-17,2,0.7000000000000028,7,POINT (-119.4 36.3167)
VISALIA MUNIAP,36.3167,-119.4,2010,11997,2010-09-26,2010-09-27,2,1.4000000000000057,7,POINT (-119.4 36.3167)
WATSONVILLE MUNI AP,36.9394,-121.79,2010,12158,2010-02-13,2010-02-17,5,1.120000000000001,8,POINT (-121.79 36.9394)
WATSONVILLE MUNI AP,36.9394,-121.79,2010,12159,2010-03-15,2010-03-16,2,1.120000000000001,8,POINT (-121.79 36.9394)
WATSONVILLE MUNI AP,36.9394,-121.79,2010,12160,2010-06-05,2010-06-06,2,0.7699999999999996,8,POINT (-121.79 36.9394)
WATSONVILLE MUNI AP,36.9394,-121.79,2010,12161,2010-07-14,2010-07-15,2,1.120000000000001,8,POINT (-121.79 36.9394)
WATSONVILLE MUNI AP,36.9394,-121.79,2010,12162,2010-08-23,2010-08-24,2,2.730000000000011,8,POINT (-121.79 36.9394)
WATSONVILLE MUNI AP,36.9394,-121.79,2010,12163,2010-09-24,2010-09-25,2,1.1900000000000048,8,POINT (-121.79 36.9394)
WATSONVILLE MUNI AP,36.9394,-121.79,2010,12164,2010-11-01,2010-11-04,4,1.1900000000000013,8,POINT (-121.79 36.9394)
WATSONVILLE MUNI AP,36.9394,-121.79,2010,12165,2010-12-11,2010-12-12,2,0.7699999999999996,8,POINT (-121.79 36.9394)
YOSEMITE VILLAGE 12 W,37.7592,-119.8208,2010,12333,2010-02-11,2010-02-14,4,1.4000000000000021,13,POINT (-119.8208 37.7592)
YOSEMITE VILLAGE 12 W,37.7592,-119.8208,2010,12334,2010-03-14,2010-03-16,3,0.6300000000000008,13,POINT (-119.8208 37.7592)
YOSEMITE VILLAGE 12 W,37.7592,-119.8208,2010,12335,2010-04-17,2010-04-18,2,0.9100000000000019,13,POINT (-119.8208 37.7592)
YOSEMITE VILLAGE 12 W,37.7592,-119.8208,2010,12336,2010-04-25,2010-04-26,2,0.41999999999999993,13,POINT (-119.8208 37.7592)
YOSEMITE VILLAGE 12 W,37.7592,-119.8208,2010,12337,2010-05-14,2010-05-15,2,1.3300000000000018,13,POINT (-119.8208 37.7592)
YOSEMITE VILLAGE 12 W,37.7592,-119.8208,2010,12338,2010-06-05,2010-06-06,2,0.3500000000000014,13,POINT (-119.8208 37.7592)
YOSEMITE VILLAGE 12 W,37.7592,-119.8208,2010,12339,2010-06-26,2010-06-28,3,1.0500000000000007,13,POINT (-119.8208 37.7592)
YOSEMITE VILLAGE 12 W,37.7592,-119.8208,2010,12340,2010-07-15,2010-07-16,2,0.07000000000000028,13,POINT (-119.8208 37.7592)
YOSEMITE VILLAGE 12 W,37.7592,-119.8208,2010,12341,2010-08-16,2010-08-17,2,0.7700000000000031,13,POINT (-119.8208 37.7592)
YOSEMITE VILLAGE 12 W,37.7592,-119.8208,2010,12342,2010-08-24,2010-08-25,2,1.1900000000000013,13,POINT (-119.8208 37.7592)
YOSEMITE VILLAGE 12 W,37.7592,-119.8208,2010,12343,2010-09-24,2010-09-28,5,0.7700000000000031,13,POINT (-119.8208 37.7592)
YOSEMITE VILLAGE 12 W,37.7592,-119.8208,2010,12344,2010-11-02,2010-11-03,2,1.4000000000000021,13,POINT (-119.8208 37.7592)
YOSEMITE VILLAGE 12 W,37.7592,-119.8208,2010,12345,2010-12-11,2010-12-12,2,1.9600000000000044,13,POINT (-119.8208 37.7592)
